ID_Funcionario,Nome,Departamento,Cargo,Salario,Data_Admissao,Genero,Idade,Estado_Civil,Status
1,Julia Nunes,Logística,Coordenador,9088.34,2024-08-13,F,43,Solteiro,Inativo
2,Sr. Gustavo Duarte,TI,Gerente,8155.98,2017-04-29,F,59,Solteiro,Inativo
3,Srta. Mariana Cunha,RH,Coordenador,14027.93,2024-12-11,F,27,Divorciado,Ativo
4,Ana Sophia da Cruz,Produção,Técnico,6647.97,2019-06-16,M,50,Casado,Inativo
5,Dr. Nicolas Pinto,Produção,Gerente,8730.19,2019-03-29,F,62,Casado,Inativo
6,Marcela Costa,RH,Analista,12403.42,2024-07-23,M,55,Solteiro,Ativo
7,João Miguel da Costa,Produção,Técnico,4771.89,2021-11-11,F,58,Viúvo,Inativo
8,Gabrielly Cardoso,RH,Analista,2728.36,2022-04-26,M,56,Divorciado,Ativo
9,Raul da Paz,Logística,Coordenador,3164.23,2022-11-30,F,51,Solteiro,Ativo
10,Davi Lucca Teixeira,Produção,Gerente,13512.53,2020-06-29,M,35,Viúvo,Ativo
11,Ana Beatriz Jesus,TI,Analista,5909.53,2019-07-24,M,52,Casado,Inativo
12,Dr. Calebe Barbosa,RH,Analista,3852.93,2018-09-04,F,63,Casado,Inativo
13,Laís da Mata,Vendas,Analista,4719.79,2019-12-20,M,64,Casado,Ativo
14,Nina Azevedo,RH,Assistente,3487.12,2018-12-14,M,34,Divorciado,Ativo
15,Laura Rezende,Logística,Analista,11978.82,2023-02-26,F,65,Casado,Ativo
16,Maria Julia das Neves,Produção,Técnico,11440.3,2025-04-18,M,38,Solteiro,Ativo
17,Luigi Santos,Financeiro,Gerente,8988.88,2016-12-10,F,32,Solteiro,Ativo
18,Srta. Giovanna Pinto,Produção,Coordenador,2503.83,2025-04-14,F,35,Viúvo,Inativo
19,Bernardo Cavalcanti,TI,Coordenador,6088.45,2020-02-06,F,59,Solteiro,Ativo
20,Joaquim da Mota,Logística,Assistente,8922.49,2019-12-29,F,54,Divorciado,Inativo
21,João Felipe da Cunha,Produção,Assistente,14015.44,2016-09-15,M,42,Viúvo,Inativo
22,Marcela Mendes,TI,Técnico,4336.75,2017-04-29,M,21,Solteiro,Inativo
23,Maria Cecília Teixeira,Financeiro,Técnico,12411.29,2023-11-27,F,19,Casado,Ativo
24,Sr. Henrique Fogaça,Financeiro,Técnico,3889.2,2016-05-24,F,22,Solteiro,Inativo
25,Dr. Theo Fernandes,TI,Técnico,9900.19,2017-10-17,M,41,Viúvo,Inativo
26,Miguel Fernandes,Financeiro,Técnico,4045.15,2025-05-16,F,39,Solteiro,Inativo
27,Cecília Silveira,Vendas,Assistente,5126.11,2022-10-13,F,49,Casado,Inativo
28,Srta. Kamilly Freitas,Logística,Analista,6376.48,2018-07-13,F,28,Viúvo,Ativo
29,Srta. Ana Lívia Alves,Vendas,Coordenador,14477.24,2022-06-08,F,33,Solteiro,Inativo
30,Nathan da Mota,RH,Gerente,5525.11,2016-07-29,M,45,Viúvo,Inativo
31,Fernando Barbosa,Logística,Gerente,10602.49,2022-09-15,F,51,Solteiro,Inativo
32,Maria Sophia Campos,RH,Assistente,9515.1,2017-12-25,F,18,Solteiro,Inativo
33,Augusto Jesus,Vendas,Assistente,8686.25,2021-07-11,M,36,Casado,Ativo
34,Sr. Luigi Porto,Produção,Assistente,14387.97,2017-12-12,M,51,Casado,Ativo
35,Luana Costa,Vendas,Coordenador,5824.04,2024-03-29,M,21,Casado,Ativo
36,Laura da Rosa,Financeiro,Gerente,6576.83,2021-09-07,M,23,Viúvo,Ativo
37,Dra. Letícia Jesus,TI,Assistente,13842.9,2020-08-16,M,40,Casado,Ativo
38,Pietro Cunha,Logística,Analista,6665.09,2024-11-30,M,64,Casado,Inativo
39,Pedro Lucas Nogueira,RH,Coordenador,3250.96,2019-06-08,M,30,Solteiro,Ativo
40,Srta. Amanda Souza,TI,Analista,8381.25,2017-05-17,F,58,Solteiro,Ativo
41,Sr. Bernardo da Cruz,Financeiro,Técnico,14074.49,2023-12-13,M,34,Casado,Ativo
42,Sr. Pedro Fernandes,Logística,Coordenador,6640.43,2025-06-02,M,41,Viúvo,Ativo
43,Marcos Vinicius Nogueira,Financeiro,Coordenador,9660.73,2019-06-11,F,41,Casado,Ativo
44,Pedro Henrique Azevedo,Financeiro,Coordenador,6236.93,2017-09-10,F,40,Solteiro,Ativo
45,Sophie Vieira,Financeiro,Assistente,2763.99,2024-12-28,F,35,Solteiro,Ativo
46,Murilo da Paz,Logística,Analista,2765.1,2018-02-09,M,62,Viúvo,Ativo
47,Sra. Luiza Barros,Logística,Analista,10035.11,2017-11-09,F,58,Divorciado,Ativo
48,Maitê da Mota,Vendas,Coordenador,7727.77,2018-02-05,M,56,Casado,Ativo
49,João Miguel Teixeira,RH,Coordenador,8396.11,2016-06-04,M,48,Solteiro,Ativo
50,Benjamin da Costa,TI,Gerente,9766.01,2024-04-27,M,51,Divorciado,Inativo
51,Esther Nunes,Vendas,Coordenador,6506.85,2016-01-19,F,30,Solteiro,Inativo
52,Lorenzo Campos,Produção,Gerente,10022.05,2017-12-08,M,27,Casado,Ativo
53,Bruno Monteiro,Logística,Coordenador,12624.23,2023-04-19,M,52,Solteiro,Inativo
54,Caroline Freitas,Produção,Analista,4529.45,2020-09-01,F,18,Viúvo,Inativo
55,Cauã Monteiro,Produção,Coordenador,6495.75,2019-10-07,F,56,Viúvo,Inativo
56,Maria Julia Araújo,TI,Assistente,12478.91,2021-03-25,M,53,Viúvo,Ativo
57,Marcela Almeida,Financeiro,Coordenador,4500.05,2020-05-26,F,50,Solteiro,Ativo
58,Nina Cavalcanti,Financeiro,Técnico,8254.08,2022-08-18,M,60,Viúvo,Ativo
59,Ryan da Rosa,Financeiro,Assistente,10487.35,2024-09-22,M,62,Viúvo,Inativo
60,Dr. André Ramos,TI,Técnico,8037.41,2022-09-05,M,52,Viúvo,Ativo
61,Luiz Henrique Barros,Financeiro,Assistente,8678.2,2024-09-10,M,46,Casado,Inativo
62,Isabel Rodrigues,Produção,Assistente,14298.44,2024-11-09,M,33,Viúvo,Ativo
63,Dr. Thiago Almeida,RH,Gerente,5063.42,2019-03-25,F,32,Casado,Inativo
64,Stella Moraes,Produção,Analista,10365.67,2017-11-12,M,19,Viúvo,Ativo
65,Vicente Dias,RH,Assistente,11324.25,2016-07-22,F,58,Divorciado,Ativo
66,Bernardo Dias,RH,Assistente,5063.5,2023-03-11,F,44,Divorciado,Ativo
67,João Gabriel Caldeira,Produção,Assistente,10561.08,2021-10-10,M,63,Viúvo,Ativo
68,Daniela Farias,TI,Técnico,3875.09,2021-10-23,F,62,Solteiro,Inativo
69,Bianca Lima,Vendas,Coordenador,3742.37,2025-07-24,F,33,Divorciado,Ativo
70,Enzo Gabriel da Mota,TI,Técnico,9391.96,2015-11-29,F,65,Divorciado,Inativo
71,Luiz Felipe Silva,Vendas,Gerente,2639.39,2023-07-07,M,24,Viúvo,Inativo
72,Benício Monteiro,Produção,Técnico,9858.56,2019-08-12,F,35,Divorciado,Ativo
73,Sr. Gustavo Henrique Moreira,RH,Assistente,3762.64,2018-04-28,M,30,Viúvo,Ativo
74,Sr. Emanuel Rodrigues,RH,Técnico,10966.9,2021-10-22,M,37,Casado,Inativo
75,Maria Eduarda da Rocha,Logística,Assistente,12104.93,2015-10-21,F,45,Casado,Inativo
76,Luna Silva,Produção,Coordenador,3912.77,2024-10-24,F,48,Viúvo,Inativo
77,Isaac Lopes,Produção,Coordenador,2297.43,2019-02-06,M,36,Viúvo,Ativo
78,Arthur da Rosa,Logística,Analista,14226.15,2019-10-04,F,45,Viúvo,Inativo
79,João Barbosa,TI,Assistente,3735.05,2025-02-27,F,65,Casado,Ativo
80,Breno da Paz,TI,Técnico,9870.75,2017-07-29,F,54,Casado,Inativo
81,Gabriela Freitas,Logística,Analista,5573.44,2021-03-16,F,65,Divorciado,Ativo
82,Júlia Araújo,Logística,Coordenador,13835.96,2017-09-22,M,40,Viúvo,Inativo
83,Vinicius da Cunha,Vendas,Técnico,5481.17,2018-10-18,M,48,Casado,Ativo
84,Pietro Fernandes,RH,Técnico,3239.06,2017-01-02,M,49,Solteiro,Ativo
85,Marina Ribeiro,Produção,Coordenador,6106.47,2017-09-03,F,18,Solteiro,Ativo
86,Isabel Fogaça,RH,Técnico,12980.52,2016-11-09,F,52,Casado,Ativo
87,Lucca Araújo,TI,Assistente,4696.83,2024-03-20,F,37,Divorciado,Inativo
88,Cauã Silva,Vendas,Coordenador,2016.61,2018-01-29,F,19,Solteiro,Ativo
89,Mirella da Costa,Produção,Gerente,14460.59,2024-04-03,F,41,Casado,Ativo
90,Gabrielly Freitas,RH,Coordenador,11678.0,2016-09-24,F,30,Viúvo,Inativo
91,Dra. Luiza Sales,RH,Técnico,5074.29,2020-09-10,F,23,Solteiro,Inativo
92,Arthur Moura,Vendas,Coordenador,4435.83,2024-07-02,M,18,Divorciado,Ativo
93,Calebe Campos,Vendas,Técnico,2417.15,2023-07-29,F,64,Viúvo,Inativo
94,Júlia Cardoso,TI,Coordenador,13409.89,2018-04-19,M,24,Divorciado,Inativo
95,Kevin Ferreira,RH,Coordenador,2523.3,2022-08-09,F,35,Casado,Inativo
96,Yuri Porto,RH,Técnico,6330.58,2018-08-20,F,39,Casado,Ativo
97,Ana Fogaça,Vendas,Gerente,2425.39,2022-03-25,M,37,Viúvo,Ativo
98,Anthony das Neves,Produção,Gerente,10523.68,2018-02-12,F,39,Solteiro,Ativo
99,Pietro Castro,RH,Assistente,7203.07,2019-04-22,F,58,Solteiro,Inativo
100,Helena Gonçalves,Financeiro,Assistente,13896.74,2019-06-08,F,26,Casado,Ativo
101,Luiz Otávio Novaes,TI,Analista,3301.95,2015-11-12,M,58,Viúvo,Inativo
102,Brenda Aragão,Produção,Técnico,5450.49,2017-06-24,M,23,Solteiro,Inativo
103,Evelyn da Rocha,RH,Coordenador,12030.35,2023-05-17,F,30,Casado,Inativo
104,Ana Júlia da Luz,RH,Técnico,7329.99,2024-01-13,M,64,Viúvo,Inativo
105,Fernanda Almeida,Produção,Gerente,14948.18,2017-05-17,M,20,Solteiro,Inativo
106,Dr. Diego Campos,RH,Coordenador,14703.7,2020-12-25,F,52,Solteiro,Ativo
107,Isadora Teixeira,Financeiro,Analista,2731.04,2016-10-18,F,40,Viúvo,Ativo
108,Giovanna Mendes,Vendas,Técnico,2210.27,2025-04-29,M,36,Viúvo,Inativo
109,Dra. Maria Alice Oliveira,TI,Técnico,12258.99,2016-10-20,F,63,Divorciado,Ativo
110,Mirella Lima,Financeiro,Assistente,4119.5,2017-11-13,M,47,Casado,Inativo
111,João Pedro Rodrigues,Produção,Assistente,12591.9,2024-09-01,M,37,Casado,Ativo
112,Evelyn da Costa,Produção,Técnico,10380.64,2022-01-09,M,25,Divorciado,Inativo
113,Pedro Lucas Cunha,Financeiro,Assistente,6587.44,2023-05-19,M,65,Divorciado,Ativo
114,Pedro Lucas da Paz,RH,Gerente,7193.38,2020-03-03,F,60,Viúvo,Inativo
115,Dr. Marcos Vinicius Campos,Financeiro,Analista,6118.75,2020-01-15,M,38,Solteiro,Ativo
116,Dr. Erick da Rocha,Financeiro,Assistente,8893.64,2019-07-10,M,47,Casado,Ativo
117,Gabriela Sales,Logística,Analista,3628.3,2024-04-07,M,30,Solteiro,Inativo
118,Eloah Araújo,Vendas,Gerente,14440.92,2016-01-19,F,43,Divorciado,Inativo
119,Pietro Almeida,Vendas,Coordenador,11445.42,2024-09-29,M,60,Viúvo,Ativo
120,Davi Lucca Cardoso,Logística,Gerente,3265.14,2019-09-21,F,64,Casado,Ativo
121,Rebeca Dias,Financeiro,Gerente,8487.38,2022-07-06,F,25,Viúvo,Inativo
122,Srta. Maria Fernanda Melo,RH,Coordenador,3546.83,2025-03-03,F,50,Casado,Inativo
123,Sr. João Lucas da Mota,Logística,Coordenador,13604.34,2019-05-01,F,57,Viúvo,Inativo
124,Emanuella Costela,RH,Assistente,6640.74,2021-05-20,F,52,Solteiro,Ativo
125,Pedro Henrique Santos,TI,Analista,12796.79,2017-06-26,M,47,Divorciado,Ativo
126,João Gabriel Lopes,Logística,Gerente,10372.78,2025-04-17,F,24,Viúvo,Ativo
127,Maria Clara da Rocha,Financeiro,Coordenador,7454.93,2022-12-09,F,41,Casado,Ativo
128,Enzo Lima,Produção,Gerente,10084.05,2025-02-21,F,36,Solteiro,Ativo
129,Eduarda Costa,Vendas,Gerente,9449.27,2021-12-11,M,28,Solteiro,Ativo
130,Lívia Barros,TI,Técnico,5061.23,2018-12-24,F,28,Casado,Inativo
131,Catarina Costela,TI,Gerente,9597.83,2023-07-03,M,56,Casado,Inativo
132,Laura Cardoso,TI,Gerente,7364.46,2018-06-29,M,50,Divorciado,Inativo
133,Cauã Fernandes,Produção,Coordenador,14125.48,2020-08-28,M,65,Divorciado,Inativo
134,Dr. Benjamin Nunes,Vendas,Técnico,2614.77,2024-12-12,M,40,Casado,Ativo
135,Yago Costela,Financeiro,Analista,7499.29,2015-12-07,M,19,Viúvo,Ativo
136,Caio Moura,Vendas,Gerente,2963.24,2018-06-12,M,53,Viúvo,Ativo
137,Sr. Nathan Farias,Logística,Gerente,5519.93,2021-05-13,F,63,Divorciado,Inativo
138,Beatriz Duarte,Vendas,Assistente,4204.51,2024-09-10,M,35,Casado,Ativo
139,Nina da Rocha,Logística,Assistente,7842.69,2020-10-02,F,45,Divorciado,Inativo
140,Alexia Caldeira,Vendas,Gerente,11322.0,2024-12-28,F,25,Casado,Inativo
141,Sra. Maria Julia Fernandes,RH,Técnico,11636.77,2020-07-29,M,25,Viúvo,Ativo
142,Davi Lucca Castro,Vendas,Técnico,5753.21,2022-10-22,F,19,Divorciado,Inativo
143,Helena da Mota,RH,Coordenador,10605.89,2020-07-27,F,44,Casado,Ativo
144,Davi Lucas Caldeira,Produção,Coordenador,9086.65,2023-02-08,F,38,Solteiro,Inativo
145,Luna Cardoso,Produção,Gerente,5621.19,2023-03-20,M,38,Casado,Ativo
146,Sr. Antônio Silveira,TI,Técnico,10544.85,2018-02-21,M,26,Divorciado,Ativo
147,Laís Melo,Produção,Técnico,14095.43,2019-09-17,F,48,Divorciado,Inativo
148,Vinicius Campos,RH,Coordenador,9597.38,2021-04-16,M,35,Viúvo,Ativo
149,Alícia Ribeiro,Vendas,Técnico,10987.24,2022-09-22,F,37,Viúvo,Ativo
150,Srta. Raquel Duarte,Financeiro,Coordenador,8944.28,2017-03-26,F,34,Solteiro,Inativo
151,Rafael Rocha,Produção,Técnico,2383.0,2016-01-27,M,40,Divorciado,Ativo
152,Beatriz Nogueira,Financeiro,Técnico,4348.04,2018-10-05,F,58,Divorciado,Ativo
153,Ana Carolina Peixoto,Logística,Analista,11241.83,2016-06-27,F,39,Casado,Ativo
154,Bruno Pinto,Financeiro,Analista,4088.5,2019-12-07,M,42,Solteiro,Ativo
155,Luiz Felipe Lopes,Logística,Coordenador,13376.95,2016-06-08,F,36,Solteiro,Ativo
156,João Silva,Financeiro,Gerente,4966.75,2018-05-31,M,47,Casado,Ativo
157,Vinicius Cavalcanti,Vendas,Técnico,7181.7,2020-06-10,M,31,Viúvo,Inativo
158,Isadora Azevedo,Vendas,Técnico,11472.74,2023-09-24,M,64,Viúvo,Ativo
159,Pedro Lucas Nascimento,Logística,Coordenador,10335.25,2019-09-29,F,58,Solteiro,Inativo
160,Sra. Maria Clara Castro,RH,Gerente,8773.51,2022-03-11,F,46,Solteiro,Ativo
161,Valentina Gomes,Produção,Analista,14040.0,2021-12-18,F,31,Viúvo,Inativo
162,Giovanna Nascimento,Vendas,Gerente,14904.99,2019-03-23,F,42,Divorciado,Ativo
163,Vicente Souza,RH,Gerente,13577.05,2019-07-14,M,38,Divorciado,Inativo
164,Sr. Benício Ribeiro,RH,Técnico,8194.41,2016-10-12,M,28,Divorciado,Inativo
165,Alexia da Cruz,RH,Analista,2720.29,2016-01-19,F,54,Viúvo,Ativo
166,Diego Sales,Vendas,Técnico,14594.93,2023-03-14,M,40,Casado,Ativo
167,Gustavo Henrique Rocha,Logística,Coordenador,7857.82,2015-11-14,F,47,Viúvo,Ativo
168,Marcela Cavalcanti,TI,Técnico,4142.55,2016-08-05,F,50,Viúvo,Ativo
169,Henrique Lopes,Logística,Coordenador,5878.06,2022-04-24,M,26,Divorciado,Ativo
170,Sr. Lorenzo Melo,RH,Coordenador,14020.32,2024-12-28,M,18,Solteiro,Ativo
171,Cauê Cardoso,Produção,Técnico,2862.18,2022-11-01,F,49,Casado,Ativo
172,Lavínia Martins,RH,Gerente,7160.25,2025-05-05,M,26,Viúvo,Inativo
173,Luiz Felipe Pires,Vendas,Analista,4225.91,2023-04-09,M,54,Viúvo,Ativo
174,Srta. Bruna da Rocha,Produção,Técnico,4806.27,2023-12-10,F,57,Divorciado,Ativo
175,Laura Peixoto,Logística,Assistente,11471.17,2024-12-12,F,54,Divorciado,Ativo
176,Maria Cardoso,TI,Gerente,12127.27,2024-05-22,F,54,Casado,Inativo
177,Larissa Castro,TI,Assistente,11964.67,2021-04-18,F,21,Divorciado,Ativo
178,Kevin Freitas,Financeiro,Coordenador,9868.25,2018-08-14,M,63,Solteiro,Inativo
179,Marcos Vinicius Castro,Financeiro,Gerente,7714.11,2018-08-23,M,55,Casado,Ativo
180,Sra. Maria Alice Pires,Financeiro,Assistente,9254.91,2019-10-01,F,29,Viúvo,Ativo
181,Brenda Moura,TI,Assistente,6704.32,2017-02-19,F,29,Divorciado,Inativo
182,Matheus da Paz,Financeiro,Gerente,14270.97,2019-02-01,F,43,Solteiro,Inativo
183,Dra. Amanda Ramos,Produção,Técnico,11408.29,2018-06-06,F,31,Viúvo,Ativo
184,Marcos Vinicius Nascimento,Produção,Analista,13610.89,2015-10-27,M,36,Casado,Inativo
185,Vitor Gabriel Carvalho,Produção,Assistente,10997.7,2023-12-23,F,35,Casado,Inativo
186,Carlos Eduardo Nunes,Vendas,Coordenador,4563.36,2018-05-25,M,56,Solteiro,Ativo
187,Isabel Barros,Logística,Assistente,5867.69,2023-09-09,M,46,Casado,Ativo
188,Ana Júlia Cardoso,TI,Gerente,8738.63,2021-05-30,M,52,Viúvo,Ativo
189,João Pereira,Produção,Técnico,8151.56,2016-09-12,M,28,Casado,Inativo
190,Levi Freitas,Vendas,Assistente,3011.79,2017-11-04,M,22,Viúvo,Inativo
191,Bruno Jesus,RH,Técnico,7224.6,2021-06-18,F,31,Solteiro,Ativo
192,Laís Rodrigues,Financeiro,Técnico,3718.9,2021-11-19,F,64,Viúvo,Ativo
193,Augusto Dias,Financeiro,Gerente,9930.1,2016-05-20,F,42,Viúvo,Ativo
194,Enzo das Neves,Logística,Técnico,7686.01,2024-10-02,F,30,Solteiro,Inativo
195,Kaique Ramos,Financeiro,Gerente,12459.69,2024-11-24,M,27,Solteiro,Inativo
196,Anthony Ferreira,Logística,Gerente,4996.47,2022-02-20,F,40,Divorciado,Inativo
197,Maitê Gomes,TI,Assistente,2926.46,2019-11-09,M,20,Solteiro,Ativo
198,Dra. Maria Alice Pires,Logística,Assistente,10085.14,2022-11-19,M,19,Solteiro,Ativo
199,Alice Gonçalves,Vendas,Coordenador,14561.17,2021-05-11,M,29,Casado,Ativo
200,Sra. Bárbara Correia,Produção,Assistente,2248.04,2020-03-24,M,30,Solteiro,Inativo
201,Diego Nunes,Produção,Analista,13768.79,2025-03-13,M,18,Solteiro,Inativo
202,Eloah Almeida,RH,Coordenador,7814.48,2020-04-13,F,22,Divorciado,Ativo
203,Isabelly Lopes,Vendas,Assistente,5096.17,2022-02-21,M,55,Viúvo,Ativo
204,Isis Cavalcanti,Financeiro,Assistente,6711.24,2019-05-23,F,45,Casado,Inativo
205,Thales Fogaça,Produção,Gerente,6475.29,2020-03-20,F,32,Divorciado,Ativo
206,Sabrina Freitas,TI,Assistente,11009.86,2024-10-04,F,63,Casado,Inativo
207,Srta. Maria Ramos,Logística,Assistente,6514.93,2022-04-21,M,53,Casado,Inativo
208,Ana Luiza Caldeira,Logística,Assistente,4242.43,2022-01-26,M,63,Divorciado,Inativo
209,Matheus Silva,Logística,Coordenador,14238.87,2023-04-16,F,58,Divorciado,Inativo
210,Dr. Lorenzo Melo,Logística,Gerente,8282.04,2016-09-21,F,42,Solteiro,Inativo
211,Ana Clara da Paz,RH,Técnico,6096.02,2019-06-25,M,18,Divorciado,Inativo
212,Marcela Nunes,Vendas,Gerente,2328.5,2024-11-13,F,23,Divorciado,Ativo
213,Maysa Moura,Produção,Assistente,14302.43,2021-04-24,F,37,Solteiro,Ativo
214,Sra. Joana Azevedo,TI,Assistente,10368.29,2017-02-17,F,21,Solteiro,Ativo
215,Amanda da Paz,TI,Analista,4007.65,2016-10-21,M,43,Divorciado,Inativo
216,Fernando Carvalho,Logística,Gerente,10726.08,2025-05-17,M,53,Viúvo,Ativo
217,Yago Farias,Produção,Analista,11439.23,2018-12-09,M,41,Divorciado,Inativo
218,Laís Aragão,TI,Técnico,12537.3,2015-12-05,M,57,Divorciado,Inativo
219,Cauã Ramos,Financeiro,Técnico,14918.19,2024-06-30,F,63,Casado,Inativo
220,Raul da Cunha,Logística,Coordenador,12500.4,2020-07-01,M,63,Divorciado,Inativo
221,Maitê da Luz,Vendas,Analista,3258.67,2023-07-01,F,22,Viúvo,Inativo
222,Sra. Marina da Mota,Produção,Gerente,13608.9,2019-05-31,F,31,Viúvo,Ativo
223,Larissa Barbosa,Vendas,Coordenador,13272.21,2024-08-07,M,37,Solteiro,Inativo
224,Júlia Duarte,Logística,Assistente,6883.51,2021-11-22,F,33,Solteiro,Ativo
225,Davi Lucas Rodrigues,Financeiro,Coordenador,7893.36,2023-04-03,F,23,Solteiro,Ativo
226,Mirella Cavalcanti,Financeiro,Assistente,5820.53,2022-05-10,F,36,Solteiro,Inativo
227,Maria Cecília Farias,Vendas,Coordenador,11589.7,2023-01-06,M,48,Casado,Inativo
228,Heitor Azevedo,TI,Analista,6011.62,2020-07-14,F,65,Casado,Inativo
229,Gabriel Lima,Produção,Assistente,8170.78,2024-02-22,F,37,Divorciado,Ativo
230,Mariana Lima,Produção,Coordenador,13263.95,2017-10-29,F,47,Viúvo,Ativo
231,Maria Julia Dias,Produção,Gerente,14782.61,2024-08-25,F,29,Viúvo,Ativo
232,Ana Júlia Melo,Vendas,Gerente,11141.24,2016-08-30,F,30,Divorciado,Ativo
233,Guilherme Rocha,Vendas,Gerente,9095.18,2023-03-23,M,18,Casado,Ativo
234,Clara Cunha,Logística,Técnico,11135.83,2022-03-08,F,64,Divorciado,Ativo
235,Srta. Laura Correia,RH,Assistente,12592.75,2023-05-26,F,37,Solteiro,Inativo
236,Joaquim da Paz,TI,Técnico,2013.79,2021-12-11,M,49,Viúvo,Ativo
237,Bernardo Souza,Vendas,Coordenador,9866.62,2018-07-21,F,32,Divorciado,Ativo
238,Sra. Marina Novaes,RH,Gerente,5987.51,2017-12-08,F,37,Solteiro,Ativo
239,Yasmin Pinto,Logística,Analista,8200.68,2015-12-13,M,61,Viúvo,Ativo
240,Sr. Luiz Gustavo Novaes,Financeiro,Técnico,12475.64,2025-05-15,M,21,Solteiro,Ativo
241,Sophie Vieira,RH,Técnico,14605.64,2018-05-23,F,23,Solteiro,Ativo
242,Maria Fernanda Rocha,Logística,Gerente,5303.66,2016-04-09,M,65,Divorciado,Inativo
243,João Miguel Ribeiro,TI,Coordenador,6180.75,2023-06-15,F,44,Divorciado,Ativo
244,Srta. Joana da Cunha,TI,Assistente,2889.88,2018-10-06,F,25,Casado,Ativo
245,Ana Beatriz Carvalho,Financeiro,Técnico,7419.92,2017-07-16,M,56,Divorciado,Ativo
246,Evelyn da Cruz,Vendas,Técnico,5938.19,2018-04-04,F,49,Divorciado,Inativo
247,Rodrigo Caldeira,Logística,Assistente,2742.71,2022-08-16,F,25,Divorciado,Inativo
248,Ian Pereira,TI,Gerente,2395.32,2019-05-10,M,55,Divorciado,Ativo
249,Davi Luiz Viana,TI,Analista,3812.72,2017-01-27,M,62,Divorciado,Inativo
250,Matheus Nunes,Financeiro,Analista,12349.5,2022-11-10,F,24,Viúvo,Ativo
251,Lorenzo Sales,Financeiro,Gerente,11537.39,2022-08-13,M,40,Viúvo,Ativo
252,Rafael Cardoso,Produção,Assistente,6054.62,2022-01-12,M,44,Viúvo,Inativo
253,Srta. Mariana Cardoso,Vendas,Técnico,13324.23,2021-06-09,M,23,Divorciado,Ativo
254,Lucas Gabriel Azevedo,Logística,Técnico,7260.85,2023-03-05,F,46,Divorciado,Inativo
255,Ana Sophia Nogueira,RH,Coordenador,11790.01,2024-08-27,F,24,Viúvo,Inativo
256,Rodrigo da Costa,Financeiro,Técnico,6806.84,2024-09-17,F,38,Casado,Inativo
257,Ana Dias,RH,Coordenador,5649.55,2021-10-09,F,34,Casado,Ativo
258,Sr. Thales Ferreira,Vendas,Gerente,9749.29,2016-02-22,M,20,Divorciado,Inativo
259,João Miguel Santos,RH,Analista,10236.2,2024-10-18,M,46,Viúvo,Inativo
260,Maria Julia Alves,Produção,Coordenador,8100.0,2023-11-25,M,55,Casado,Ativo
261,Sarah da Mota,RH,Analista,6452.88,2023-09-10,M,65,Casado,Ativo
262,Isabelly da Conceição,Logística,Assistente,13707.53,2015-12-14,M,62,Solteiro,Inativo
263,Dra. Maitê Gonçalves,Produção,Assistente,3932.61,2024-06-04,F,52,Divorciado,Ativo
264,Henrique Ramos,Financeiro,Analista,6093.24,2024-04-06,M,42,Divorciado,Inativo
265,Sr. Marcos Vinicius Azevedo,Vendas,Assistente,9756.53,2017-12-11,F,57,Casado,Ativo
266,Emanuelly Santos,RH,Analista,7278.69,2020-01-07,M,39,Solteiro,Ativo
267,Daniel Dias,Produção,Gerente,5567.84,2018-06-25,M,43,Viúvo,Ativo
268,Lorena Pereira,TI,Analista,14641.36,2025-06-15,M,27,Divorciado,Ativo
269,Ana Vitória Pires,RH,Técnico,7808.93,2017-01-02,M,50,Divorciado,Ativo
270,Gabriela Alves,Produção,Analista,12211.27,2019-01-07,M,48,Divorciado,Ativo
271,João Lucas Monteiro,TI,Assistente,5581.75,2022-01-31,F,53,Casado,Inativo
272,Helena Novaes,Produção,Técnico,10223.23,2019-12-21,M,40,Casado,Ativo
273,Ian Sales,Logística,Gerente,7637.83,2024-02-02,F,34,Viúvo,Inativo
274,Ana Clara Peixoto,TI,Gerente,7301.14,2019-11-16,M,46,Casado,Ativo
275,João Vitor da Conceição,Financeiro,Gerente,5160.25,2017-12-26,M,29,Solteiro,Inativo
276,Dr. Marcos Vinicius Moraes,Vendas,Assistente,14836.14,2023-07-28,F,23,Divorciado,Ativo
277,Srta. Milena da Rocha,Produção,Gerente,7196.01,2025-06-05,F,25,Solteiro,Ativo
278,João Miguel Aragão,TI,Técnico,5652.06,2022-10-04,F,58,Viúvo,Inativo
279,Dr. Davi Lucas Cardoso,Produção,Gerente,14899.72,2022-11-23,M,45,Divorciado,Inativo
280,Sra. Clarice Campos,RH,Assistente,4036.18,2025-07-06,F,60,Divorciado,Ativo
281,Arthur Rodrigues,TI,Coordenador,7191.1,2020-04-30,M,29,Solteiro,Inativo
282,Calebe Nunes,Logística,Assistente,11435.01,2020-03-15,M,60,Solteiro,Ativo
283,Samuel Rodrigues,Produção,Gerente,6349.11,2021-02-26,F,26,Divorciado,Inativo
284,Luigi Duarte,Produção,Gerente,14565.16,2022-07-15,F,40,Viúvo,Ativo
285,Marina Nogueira,Produção,Técnico,7214.06,2022-11-15,M,47,Divorciado,Ativo
286,Melissa Dias,TI,Analista,2348.94,2023-06-29,F,44,Casado,Inativo
287,Carlos Eduardo Jesus,Logística,Assistente,11209.82,2018-12-16,M,50,Casado,Ativo
288,Calebe Dias,TI,Analista,8782.88,2020-12-30,F,58,Solteiro,Ativo
289,Luigi da Costa,Vendas,Analista,11895.89,2020-03-09,M,43,Divorciado,Ativo
290,Joana Pinto,Logística,Coordenador,10047.87,2025-08-21,F,39,Casado,Ativo
291,Dra. Isis Lopes,RH,Coordenador,11550.46,2023-04-03,M,25,Divorciado,Inativo
292,Anthony Novaes,TI,Analista,7603.57,2022-04-14,F,18,Viúvo,Ativo
293,Dr. Bruno da Cunha,TI,Técnico,11386.4,2022-07-26,M,26,Viúvo,Inativo
294,Elisa da Mota,RH,Assistente,14228.11,2023-08-07,M,32,Divorciado,Inativo
295,Kamilly Moraes,TI,Assistente,12167.79,2025-07-27,F,57,Casado,Ativo
296,Pedro Miguel Caldeira,Logística,Coordenador,3870.95,2019-10-01,F,58,Viúvo,Ativo
297,Augusto Santos,TI,Gerente,8237.8,2021-08-26,M,45,Divorciado,Inativo
298,Alexia Moraes,Financeiro,Gerente,7953.2,2016-04-23,M,34,Viúvo,Inativo
299,Alice Melo,Logística,Gerente,14062.44,2021-12-24,M,28,Divorciado,Ativo
300,Maria Cecília Almeida,Financeiro,Analista,12350.41,2018-01-03,M,56,Solteiro,Ativo
301,Matheus Barbosa,Produção,Assistente,8977.74,2020-01-26,M,44,Solteiro,Inativo
302,Rodrigo da Mata,RH,Analista,12426.7,2024-06-01,F,29,Viúvo,Ativo
303,Thales Campos,TI,Assistente,10572.14,2022-12-30,F,57,Divorciado,Inativo
304,Sr. Nicolas Ramos,Financeiro,Analista,3506.9,2024-11-07,M,46,Viúvo,Ativo
305,Ana Julia Ribeiro,Produção,Coordenador,4056.8,2020-06-13,F,61,Viúvo,Ativo
306,Evelyn Rocha,Logística,Analista,10407.39,2021-07-06,F,59,Solteiro,Inativo
307,Diogo Souza,RH,Gerente,14332.37,2020-11-15,M,51,Solteiro,Ativo
308,Manuela Barbosa,TI,Gerente,7015.91,2017-06-21,M,43,Casado,Ativo
309,Sra. Olivia Correia,Vendas,Coordenador,12793.84,2021-03-14,F,50,Casado,Inativo
310,Sofia Moreira,Financeiro,Coordenador,3542.86,2015-10-28,M,22,Divorciado,Inativo
311,Rafael Souza,Produção,Coordenador,5928.84,2025-01-23,F,43,Viúvo,Inativo
312,Bruna Pereira,Vendas,Assistente,6647.96,2023-10-17,M,18,Divorciado,Inativo
313,Miguel Santos,Produção,Gerente,7732.66,2016-09-25,M,21,Divorciado,Inativo
314,Manuela Viana,RH,Analista,8804.48,2020-10-02,M,29,Viúvo,Ativo
315,Maria Fernanda Barbosa,Vendas,Assistente,4237.36,2018-08-28,M,57,Casado,Ativo
316,Evelyn Castro,RH,Coordenador,14898.42,2016-11-09,F,46,Divorciado,Inativo
317,Guilherme Costa,Financeiro,Coordenador,13212.94,2022-06-24,F,65,Divorciado,Inativo
318,Alícia Cavalcanti,Produção,Técnico,2741.86,2023-06-12,M,41,Casado,Inativo
319,Erick Moraes,TI,Assistente,10575.65,2016-12-02,M,25,Divorciado,Ativo
320,Srta. Alana Carvalho,Logística,Analista,13137.26,2018-07-31,F,30,Viúvo,Inativo
321,Alice Ferreira,RH,Assistente,3144.71,2022-09-04,F,52,Casado,Ativo
322,Sr. Isaac Silva,Financeiro,Coordenador,5780.46,2019-04-13,M,22,Solteiro,Ativo
323,Ana Clara Dias,RH,Coordenador,8776.59,2025-05-18,M,53,Divorciado,Ativo
324,Antônio Oliveira,TI,Gerente,5273.24,2018-08-22,M,33,Solteiro,Ativo
325,Maria Eduarda Cunha,Vendas,Assistente,14413.19,2018-05-04,F,47,Divorciado,Inativo
326,Lívia Pires,RH,Coordenador,14099.03,2021-07-11,F,34,Divorciado,Inativo
327,Dra. Maria Fernanda Caldeira,Vendas,Coordenador,7173.36,2015-12-19,F,29,Solteiro,Ativo
328,Sr. Lorenzo da Mata,Vendas,Assistente,7379.98,2020-08-25,F,31,Viúvo,Ativo
329,Ana Laura Ribeiro,Produção,Coordenador,6279.25,2023-01-18,M,59,Casado,Ativo
330,Sr. Vitor Correia,Financeiro,Assistente,9494.91,2024-08-18,F,60,Viúvo,Inativo
331,Luiz Henrique Aragão,Financeiro,Gerente,12507.89,2024-01-02,M,40,Divorciado,Ativo
332,Maria Fernanda Ramos,TI,Analista,4759.22,2018-06-25,M,42,Solteiro,Ativo
333,Bryan Barros,Logística,Gerente,8408.72,2021-06-04,F,50,Casado,Inativo
334,Ana Julia Mendes,Financeiro,Analista,9445.73,2024-06-28,M,63,Viúvo,Inativo
335,Renan Cunha,Financeiro,Técnico,11633.36,2025-03-15,F,33,Casado,Ativo
336,Maria Castro,Vendas,Gerente,2592.53,2018-10-24,M,54,Divorciado,Ativo
337,Pedro Lucas Cardoso,Vendas,Assistente,5568.23,2020-02-17,M,38,Divorciado,Inativo
338,Dr. Calebe Costa,Vendas,Assistente,2258.91,2017-12-27,M,39,Divorciado,Ativo
339,Erick Rezende,Logística,Analista,4429.05,2024-04-02,F,55,Solteiro,Inativo
340,Thomas da Paz,Logística,Coordenador,7846.25,2021-06-22,M,42,Casado,Inativo
341,Gabriela Novaes,Produção,Coordenador,5041.23,2018-01-24,F,27,Divorciado,Inativo
342,Esther Moreira,Vendas,Analista,14578.56,2020-01-29,F,37,Divorciado,Inativo
343,Mirella Porto,Produção,Assistente,13280.53,2016-09-16,M,25,Divorciado,Inativo
344,Bianca Farias,Financeiro,Coordenador,8631.59,2018-10-04,M,56,Solteiro,Inativo
345,Natália Costela,Produção,Analista,3248.37,2021-09-09,M,45,Divorciado,Inativo
346,Otávio Duarte,Vendas,Analista,11987.25,2024-01-13,F,58,Divorciado,Inativo
347,Ana Julia Campos,Financeiro,Técnico,4427.1,2025-03-23,M,26,Casado,Inativo
348,Clara da Conceição,Financeiro,Coordenador,14923.61,2023-07-11,F,51,Solteiro,Inativo
349,Ana Julia Sales,Logística,Técnico,8426.6,2025-04-29,M,51,Viúvo,Inativo
350,Bryan Teixeira,Produção,Coordenador,13969.86,2018-06-19,M,59,Solteiro,Ativo
351,Lucas Barbosa,TI,Assistente,12341.75,2025-04-14,M,45,Solteiro,Ativo
352,Lívia Farias,Produção,Coordenador,7846.46,2019-04-24,F,22,Casado,Ativo
353,Carolina Jesus,Produção,Técnico,4879.13,2022-08-27,M,46,Viúvo,Ativo
354,Sra. Brenda Martins,Financeiro,Coordenador,3223.41,2020-01-31,F,52,Divorciado,Inativo
355,Sophia Pinto,Vendas,Assistente,13521.17,2016-05-07,M,32,Viúvo,Inativo
356,Maria Sophia Nascimento,RH,Assistente,13705.94,2017-10-02,F,40,Viúvo,Inativo
357,Lavínia da Costa,Financeiro,Analista,10364.85,2017-04-03,M,45,Solteiro,Inativo
358,João Pedro Souza,RH,Analista,13885.41,2018-12-19,M,54,Casado,Ativo
359,Sr. Augusto Jesus,Financeiro,Assistente,6380.41,2020-03-04,F,28,Casado,Inativo
360,Fernanda Castro,TI,Analista,10803.55,2017-01-07,F,31,Viúvo,Inativo
361,Gustavo da Cruz,Financeiro,Analista,6079.93,2017-03-15,M,32,Viúvo,Ativo
362,Luiz Fernando Sales,TI,Analista,12489.05,2024-08-18,F,61,Viúvo,Inativo
363,Maria Clara Lopes,RH,Assistente,14547.69,2016-02-23,F,59,Casado,Ativo
364,Isabelly Monteiro,Logística,Coordenador,5506.18,2024-09-14,F,64,Viúvo,Ativo
365,Dra. Camila Gomes,RH,Assistente,6992.66,2016-07-29,M,29,Casado,Ativo
366,Dr. João Vitor Correia,TI,Técnico,5671.94,2021-02-01,F,54,Casado,Inativo
367,Milena Barbosa,RH,Assistente,4202.08,2024-07-30,F,30,Solteiro,Ativo
368,Nathan Rocha,Produção,Gerente,11079.15,2022-01-11,M,35,Viúvo,Ativo
369,Maria Alice Fogaça,TI,Assistente,12027.74,2019-06-09,F,23,Solteiro,Inativo
370,Juan da Luz,Vendas,Analista,10276.78,2022-03-27,F,25,Divorciado,Ativo
371,Paulo Porto,Financeiro,Coordenador,3492.12,2024-10-09,M,23,Solteiro,Ativo
372,Dra. Isadora Pinto,Financeiro,Assistente,4139.84,2020-02-18,M,58,Casado,Ativo
373,Luna Lopes,Financeiro,Coordenador,12301.28,2024-12-16,M,64,Casado,Inativo
374,João Pedro Costa,Logística,Assistente,11530.52,2018-11-15,F,18,Solteiro,Inativo
375,Sr. Lucas Gabriel Gomes,Financeiro,Técnico,7640.47,2022-07-19,F,62,Viúvo,Ativo
376,Nicole Pereira,RH,Analista,5438.89,2023-08-28,F,61,Casado,Inativo
377,Sra. Yasmin Araújo,RH,Analista,4440.74,2018-02-25,F,56,Divorciado,Ativo
378,Sofia Gonçalves,Vendas,Coordenador,10078.37,2023-03-10,M,29,Viúvo,Inativo
379,Esther Ferreira,Vendas,Técnico,12145.13,2024-02-04,M,52,Viúvo,Ativo
380,Sra. Rafaela Nascimento,Produção,Assistente,11688.16,2017-08-18,M,29,Casado,Ativo
381,Maria Sophia Santos,Financeiro,Analista,2134.47,2025-02-01,F,55,Divorciado,Ativo
382,Lavínia Martins,Vendas,Analista,7175.22,2023-04-07,M,39,Casado,Ativo
383,Dr. Erick Santos,RH,Gerente,9913.66,2023-09-17,M,60,Casado,Inativo
384,Heloísa Dias,RH,Técnico,9523.11,2017-06-14,M,54,Viúvo,Ativo
385,Carolina Novaes,Financeiro,Gerente,14730.98,2020-11-23,F,31,Casado,Ativo
386,Gustavo Henrique Fogaça,Produção,Assistente,13690.11,2022-10-25,M,59,Viúvo,Ativo
387,Lucas Gabriel Costa,Logística,Gerente,8339.2,2020-09-16,M,33,Solteiro,Ativo
388,Sra. Maria Eduarda Barros,RH,Assistente,7688.53,2022-04-21,M,58,Divorciado,Ativo
389,Sr. Bryan Teixeira,Vendas,Coordenador,10594.04,2020-05-17,F,43,Viúvo,Inativo
390,Olivia Fernandes,Logística,Assistente,14419.84,2024-01-23,M,62,Viúvo,Inativo
391,Carlos Eduardo Pinto,Logística,Assistente,11046.19,2022-12-28,F,52,Solteiro,Inativo
392,Srta. Pietra Azevedo,Financeiro,Gerente,3516.69,2020-03-30,F,33,Viúvo,Inativo
393,Joana Gomes,Produção,Gerente,5993.21,2024-09-10,F,38,Solteiro,Inativo
394,Luiz Gustavo da Luz,TI,Gerente,2543.19,2015-10-09,M,29,Viúvo,Inativo
395,Luiz Miguel Duarte,TI,Assistente,3531.94,2025-01-21,F,63,Divorciado,Ativo
396,Dra. Raquel da Costa,Financeiro,Analista,6719.08,2025-02-13,M,19,Viúvo,Ativo
397,Stephany Azevedo,Financeiro,Técnico,10970.48,2022-03-17,F,37,Divorciado,Inativo
398,Isaac Melo,Vendas,Gerente,14768.46,2024-10-16,F,34,Casado,Ativo
399,Maria Vitória Costa,Vendas,Gerente,5195.52,2024-03-05,M,43,Solteiro,Inativo
400,Alice Carvalho,Logística,Analista,6189.23,2019-07-15,F,19,Casado,Inativo
401,Samuel Santos,Vendas,Analista,8289.2,2017-02-26,M,63,Divorciado,Ativo
402,Stephany Pereira,Vendas,Analista,14557.12,2017-05-13,F,44,Divorciado,Inativo
403,Rodrigo Oliveira,Financeiro,Gerente,10424.46,2021-11-07,M,38,Divorciado,Inativo
404,Diogo Ribeiro,TI,Assistente,6337.12,2018-05-14,M,26,Viúvo,Ativo
405,Felipe Monteiro,Produção,Assistente,14317.94,2018-05-30,M,45,Solteiro,Ativo
406,Mirella da Costa,Financeiro,Técnico,3672.14,2022-07-20,F,29,Solteiro,Inativo
407,Luiz Fernando da Mota,RH,Analista,9206.08,2020-02-03,M,36,Viúvo,Ativo
408,Gabriel Pereira,Vendas,Assistente,10052.23,2016-08-06,M,48,Casado,Inativo
409,Thales das Neves,Financeiro,Assistente,10233.37,2019-05-07,F,40,Solteiro,Ativo
410,Sra. Elisa Duarte,Financeiro,Coordenador,3956.06,2020-08-07,F,48,Divorciado,Ativo
411,Miguel Araújo,TI,Técnico,11541.38,2024-12-14,F,43,Solteiro,Inativo
412,João Lucas da Cunha,TI,Assistente,7927.06,2019-03-16,F,55,Casado,Inativo
413,Yuri Melo,RH,Assistente,11987.13,2020-11-05,F,50,Solteiro,Ativo
414,Laura Peixoto,Logística,Analista,4860.39,2017-06-17,F,34,Solteiro,Ativo
415,Stella Costa,TI,Gerente,11718.3,2023-05-09,F,45,Casado,Ativo
416,Elisa Barros,RH,Gerente,7145.94,2022-10-16,M,19,Viúvo,Ativo
417,Isadora Oliveira,Vendas,Gerente,7005.21,2017-07-19,F,23,Solteiro,Inativo
418,Ana Vitória Monteiro,Vendas,Coordenador,5525.4,2022-02-22,M,27,Solteiro,Ativo
419,Ana Clara Nunes,Financeiro,Analista,5854.83,2022-04-01,M,48,Divorciado,Ativo
420,Felipe Pires,TI,Coordenador,5538.14,2015-11-30,F,63,Casado,Ativo
421,Dr. Luiz Miguel Teixeira,TI,Analista,10645.42,2018-09-10,F,46,Casado,Ativo
422,Luiz Gustavo Costa,Financeiro,Coordenador,8771.34,2016-12-01,M,21,Solteiro,Inativo
423,Bryan da Cruz,TI,Gerente,11790.21,2021-02-08,F,49,Viúvo,Ativo
424,Emanuel Fernandes,TI,Assistente,7114.85,2020-08-20,M,53,Casado,Ativo
425,Murilo Araújo,Logística,Coordenador,14643.55,2017-09-01,M,58,Casado,Inativo
426,Gabriel da Cruz,Produção,Gerente,6656.1,2021-02-14,F,39,Divorciado,Ativo
427,Emilly Freitas,TI,Gerente,5147.62,2018-05-10,F,19,Viúvo,Inativo
428,Vitor Fernandes,Financeiro,Gerente,10268.35,2018-08-30,M,25,Divorciado,Inativo
429,Helena Moraes,TI,Analista,7621.99,2023-08-12,M,65,Divorciado,Inativo
430,Vicente Aragão,Produção,Assistente,13689.65,2022-03-01,F,33,Viúvo,Ativo
431,Pedro Miguel Rezende,Financeiro,Técnico,14062.03,2024-01-26,M,19,Casado,Ativo
432,Sr. Theo da Paz,Logística,Gerente,3997.42,2022-12-09,F,41,Divorciado,Inativo
433,Nina Alves,RH,Coordenador,9471.91,2018-11-19,F,47,Viúvo,Inativo
434,Sra. Manuela Fogaça,Financeiro,Gerente,8884.66,2019-03-07,F,51,Viúvo,Ativo
435,Luiz Fernando Lopes,Vendas,Técnico,2252.23,2024-06-26,F,61,Viúvo,Inativo
436,Mirella Fernandes,Vendas,Assistente,4375.45,2023-06-28,F,40,Divorciado,Inativo
437,Levi Lopes,Financeiro,Coordenador,9882.46,2017-06-08,F,46,Viúvo,Inativo
438,Clarice Duarte,TI,Analista,9357.3,2023-10-07,M,25,Casado,Inativo
439,Paulo Silva,Financeiro,Técnico,14316.18,2019-09-02,M,30,Viúvo,Ativo
440,Dra. Milena da Mata,Vendas,Analista,2567.41,2020-01-04,M,35,Solteiro,Inativo
441,Brenda Barbosa,Vendas,Coordenador,3831.72,2017-09-20,M,44,Divorciado,Ativo
442,Ana Júlia Moraes,Produção,Coordenador,3331.66,2019-01-17,F,22,Divorciado,Ativo
443,Dr. Benjamin Lima,TI,Técnico,13621.22,2023-07-03,M,30,Casado,Ativo
444,Carlos Eduardo Martins,Logística,Gerente,4799.43,2019-12-10,M,57,Divorciado,Inativo
445,Maria Cardoso,Logística,Gerente,5968.81,2024-10-05,F,65,Solteiro,Inativo
446,Marina Aragão,Produção,Assistente,9215.5,2024-08-02,F,29,Divorciado,Inativo
447,Maria Eduarda Ramos,Vendas,Coordenador,11516.35,2020-09-07,F,61,Solteiro,Inativo
448,Augusto Carvalho,Logística,Técnico,8544.5,2022-11-08,F,23,Solteiro,Inativo
449,Enzo Gabriel da Rocha,Logística,Gerente,5196.9,2018-06-25,F,25,Solteiro,Inativo
450,Sarah Nunes,Logística,Assistente,8660.23,2020-03-31,M,45,Viúvo,Ativo
451,Maria Julia Freitas,Vendas,Analista,12853.52,2024-10-31,F,40,Solteiro,Ativo
452,Laís Gomes,TI,Técnico,9017.05,2021-05-30,F,56,Viúvo,Inativo
453,João Miguel Azevedo,RH,Assistente,5815.4,2019-04-29,F,36,Viúvo,Inativo
454,Clarice da Rosa,Logística,Gerente,12883.74,2025-09-22,M,54,Viúvo,Inativo
455,Maria Fernanda Silva,Logística,Analista,7610.01,2016-12-14,F,55,Casado,Ativo
456,Sr. Pedro Miguel Rocha,Produção,Assistente,10247.34,2020-05-11,M,61,Solteiro,Inativo
457,Enrico Campos,TI,Coordenador,7057.44,2018-09-16,M,45,Casado,Inativo
458,Joaquim Dias,RH,Assistente,11381.05,2022-12-05,F,64,Divorciado,Ativo
459,Isaac Moura,Vendas,Coordenador,7688.98,2022-03-12,M,39,Solteiro,Inativo
460,Vitória Caldeira,Logística,Gerente,13497.28,2022-10-28,F,57,Solteiro,Inativo
461,Davi Gonçalves,RH,Gerente,10940.46,2023-06-25,M,33,Viúvo,Inativo
462,Anthony Novaes,Vendas,Gerente,7858.87,2018-01-04,M,62,Solteiro,Inativo
463,Sr. Lucas Silva,TI,Técnico,5856.3,2022-04-25,M,34,Casado,Inativo
464,Brenda Nascimento,TI,Gerente,5429.24,2018-08-25,M,57,Casado,Ativo
465,Sra. Julia Cardoso,Vendas,Coordenador,2916.85,2021-06-01,F,62,Solteiro,Ativo
466,Maria Vitória Costela,Financeiro,Gerente,5363.98,2025-02-10,M,58,Solteiro,Ativo
467,Enrico da Rocha,Logística,Técnico,11593.64,2025-01-13,M,47,Casado,Ativo
468,Yago da Mata,Produção,Gerente,6794.22,2020-11-14,F,38,Solteiro,Ativo
469,Gustavo Henrique Nogueira,TI,Coordenador,10803.29,2015-09-25,M,55,Viúvo,Ativo
470,Sr. João Vitor Pinto,Logística,Analista,9716.65,2020-11-11,F,18,Viúvo,Inativo
471,Ana Beatriz Silva,Produção,Gerente,14151.34,2020-07-05,M,52,Casado,Ativo
472,Rebeca Souza,Produção,Técnico,11851.15,2017-02-28,F,33,Casado,Ativo
473,Gabriela Rocha,Financeiro,Técnico,8323.48,2018-05-11,M,38,Divorciado,Inativo
474,Marina Alves,RH,Assistente,12839.97,2023-01-25,F,25,Solteiro,Ativo
475,Sr. Davi Luiz Aragão,Produção,Assistente,5978.55,2024-05-06,F,36,Casado,Ativo
476,Letícia Caldeira,Financeiro,Gerente,4474.6,2020-04-05,F,47,Casado,Inativo
477,Vicente da Cruz,Vendas,Técnico,5554.66,2017-06-24,F,39,Solteiro,Ativo
478,Breno Vieira,Financeiro,Analista,6811.98,2016-07-21,M,37,Viúvo,Inativo
479,Helena Cardoso,Produção,Assistente,8785.26,2023-11-06,F,38,Solteiro,Ativo
480,Enzo Correia,Produção,Coordenador,13133.64,2019-09-06,M,63,Viúvo,Ativo
481,Davi Luiz Barbosa,Produção,Analista,9686.19,2017-11-22,F,27,Divorciado,Inativo
482,Brenda Fogaça,Produção,Gerente,12754.84,2018-01-12,F,49,Viúvo,Ativo
483,Sra. Alana Fogaça,Produção,Técnico,12957.5,2021-09-08,M,56,Viúvo,Inativo
484,Ana Nunes,TI,Assistente,8469.19,2018-04-12,F,44,Viúvo,Ativo
485,Eduardo Moreira,Vendas,Assistente,2850.29,2016-05-03,F,19,Viúvo,Inativo
486,Sra. Valentina Rezende,Produção,Técnico,10011.05,2025-05-04,F,63,Solteiro,Inativo
487,Juan Gomes,RH,Analista,8651.5,2017-02-19,F,40,Casado,Inativo
488,Davi Peixoto,Produção,Coordenador,7160.05,2016-01-23,M,46,Solteiro,Ativo
489,Fernando Jesus,Produção,Coordenador,6370.08,2020-06-21,M,34,Casado,Ativo
490,Luiz Otávio Nogueira,Vendas,Técnico,7419.58,2019-03-27,M,50,Viúvo,Ativo
491,Ana Júlia Novaes,Financeiro,Analista,11166.45,2022-11-04,M,58,Viúvo,Inativo
492,Gustavo Campos,Logística,Gerente,2000.71,2024-08-31,M,65,Solteiro,Ativo
493,Pedro Lucas da Luz,RH,Assistente,14163.32,2022-07-11,F,40,Solteiro,Inativo
494,Sofia Sales,TI,Gerente,4941.24,2023-08-15,F,37,Casado,Inativo
495,Ana Laura Cavalcanti,Produção,Coordenador,6093.91,2022-05-21,M,63,Casado,Ativo
496,Davi Luiz da Mata,RH,Coordenador,13118.85,2024-09-05,M,42,Viúvo,Inativo
497,Raul das Neves,Financeiro,Gerente,4566.46,2023-05-02,F,19,Casado,Inativo
498,João Gabriel Azevedo,TI,Coordenador,2606.64,2025-04-21,M,42,Viúvo,Ativo
499,Caroline da Rocha,TI,Técnico,6500.51,2021-04-11,F,53,Casado,Inativo
500,Nicolas Rezende,Financeiro,Gerente,2799.98,2016-06-15,F,38,Viúvo,Inativo
501,João Silveira,Financeiro,Coordenador,11183.81,2021-07-17,F,53,Casado,Inativo
502,Dr. João Felipe Novaes,Vendas,Analista,6084.1,2019-10-20,F,28,Solteiro,Inativo
503,Noah Rocha,Vendas,Gerente,2202.19,2022-08-19,F,50,Casado,Inativo
504,Mariane Gomes,Produção,Coordenador,7995.87,2022-07-28,F,41,Viúvo,Ativo
505,Stella Melo,Produção,Assistente,6718.72,2019-10-10,M,43,Divorciado,Ativo
506,Guilherme Nunes,Logística,Assistente,6193.6,2022-07-26,M,22,Solteiro,Inativo
507,Luiz Felipe Aragão,Logística,Analista,12250.89,2015-11-05,F,29,Casado,Ativo
508,Sra. Sofia das Neves,RH,Analista,8391.4,2022-04-16,F,55,Casado,Ativo
509,Vitor Melo,RH,Assistente,5930.17,2024-12-14,M,21,Solteiro,Inativo
510,Gustavo Mendes,Produção,Assistente,9301.91,2025-07-07,F,51,Viúvo,Inativo
511,Maria Clara Correia,Vendas,Coordenador,14622.45,2017-08-09,M,58,Solteiro,Ativo
512,Mariane Melo,TI,Coordenador,14078.79,2022-08-03,M,21,Casado,Ativo
513,Pedro Gonçalves,RH,Coordenador,9805.47,2020-02-05,M,22,Viúvo,Ativo
514,Lorenzo Ramos,Financeiro,Coordenador,3457.21,2017-12-05,F,27,Casado,Ativo
515,Eduardo Azevedo,Vendas,Técnico,8403.36,2020-03-17,M,39,Viúvo,Inativo
516,Sra. Natália Gomes,Produção,Gerente,4561.05,2023-06-13,M,46,Solteiro,Inativo
517,Murilo Melo,Financeiro,Coordenador,8772.93,2024-12-06,M,36,Casado,Ativo
518,Pietro Duarte,Logística,Técnico,4556.22,2016-12-01,F,32,Casado,Inativo
519,Dra. Larissa Carvalho,Vendas,Analista,4765.08,2016-12-20,M,22,Divorciado,Ativo
520,Luiz Felipe Lima,RH,Técnico,5917.68,2019-08-27,F,38,Solteiro,Ativo
521,Dr. Benjamin Moraes,Vendas,Analista,12376.6,2021-08-10,M,18,Casado,Inativo
522,Vitória Porto,Logística,Assistente,10105.57,2020-01-20,F,21,Casado,Ativo
523,Olivia Viana,Financeiro,Assistente,13236.26,2025-02-24,F,37,Divorciado,Ativo
524,Pietra Jesus,Financeiro,Gerente,7644.44,2020-07-06,F,59,Divorciado,Inativo
525,Samuel Pires,Financeiro,Assistente,2737.48,2021-03-07,F,27,Solteiro,Ativo
526,Gabrielly Freitas,TI,Analista,9650.34,2017-07-05,F,42,Viúvo,Inativo
527,Rebeca da Cruz,Produção,Analista,11307.12,2019-12-25,M,44,Viúvo,Ativo
528,Sr. Samuel Farias,Vendas,Gerente,13174.17,2021-12-23,F,18,Casado,Inativo
529,Sra. Maria Julia Melo,Logística,Analista,14889.69,2015-11-19,F,32,Solteiro,Inativo
530,Anthony Pereira,TI,Coordenador,14054.92,2017-09-19,M,37,Viúvo,Inativo
531,Theo Silveira,Vendas,Coordenador,3737.13,2022-12-13,F,44,Solteiro,Inativo
532,Sophia Gomes,Produção,Analista,9027.53,2016-06-12,M,43,Viúvo,Ativo
533,Eduardo Dias,Logística,Assistente,8922.43,2020-07-17,M,39,Casado,Inativo
534,Manuela Cardoso,TI,Gerente,5305.96,2017-01-21,M,52,Solteiro,Inativo
535,André Ramos,Logística,Assistente,13657.82,2016-04-27,M,38,Solteiro,Ativo
536,Noah Moreira,Produção,Técnico,13546.43,2016-09-08,F,49,Viúvo,Inativo
537,Raul Gomes,Financeiro,Analista,2865.95,2020-11-28,F,29,Viúvo,Inativo
538,Enzo Gabriel Teixeira,Logística,Assistente,6573.08,2019-09-06,F,59,Solteiro,Inativo
539,Sr. João Vitor Melo,RH,Analista,12096.56,2017-07-06,M,60,Viúvo,Inativo
540,Kaique da Paz,Financeiro,Assistente,9502.59,2024-08-22,M,32,Solteiro,Inativo
541,Marcos Vinicius Fogaça,Logística,Coordenador,11358.72,2024-02-18,F,39,Viúvo,Ativo
542,Olivia Souza,Logística,Assistente,10680.65,2023-06-18,F,62,Solteiro,Inativo
543,Luiz Miguel Fogaça,RH,Coordenador,12069.43,2016-12-05,M,27,Casado,Ativo
544,Dra. Julia Cunha,Produção,Assistente,7777.4,2015-10-27,F,34,Divorciado,Inativo
545,Rebeca Oliveira,Logística,Coordenador,8130.18,2018-01-26,M,51,Casado,Ativo
546,Luiz Henrique Nogueira,Financeiro,Gerente,8791.54,2023-07-02,M,32,Solteiro,Ativo
547,Dra. Ana Julia Rocha,TI,Coordenador,7556.46,2018-01-21,M,48,Divorciado,Ativo
548,Theo Nunes,RH,Coordenador,3694.36,2019-11-08,F,64,Solteiro,Inativo
549,Ryan Cunha,Vendas,Coordenador,12503.7,2018-08-13,M,32,Solteiro,Ativo
550,Maria Vitória Fogaça,Vendas,Coordenador,11642.05,2022-01-22,F,38,Viúvo,Inativo
551,Marcela Silva,Financeiro,Gerente,4788.38,2025-03-13,F,64,Casado,Inativo
552,Sofia Rezende,Logística,Assistente,9137.33,2019-09-06,F,28,Divorciado,Ativo
553,Alexia Araújo,Vendas,Assistente,3057.56,2016-10-03,F,65,Viúvo,Ativo
554,Lívia da Paz,Financeiro,Gerente,14062.84,2024-03-13,F,31,Divorciado,Ativo
555,Eduardo Novaes,TI,Técnico,6373.89,2019-06-06,F,61,Casado,Inativo
556,Noah Viana,Vendas,Gerente,5214.63,2017-06-29,M,35,Divorciado,Inativo
557,Dra. Ana Laura Fogaça,Financeiro,Gerente,14873.06,2017-03-09,M,51,Solteiro,Inativo
558,Maria Fernanda Nunes,TI,Assistente,7883.22,2019-01-16,M,58,Divorciado,Ativo
559,Maria Julia Nogueira,Produção,Coordenador,7829.34,2024-03-19,M,50,Solteiro,Ativo
560,Maria Clara Souza,Produção,Gerente,11849.51,2023-09-22,M,35,Solteiro,Ativo
561,Thales Moura,TI,Técnico,3575.64,2025-07-14,M,22,Divorciado,Ativo
562,Dr. João da Mata,TI,Técnico,5465.0,2024-01-14,M,18,Casado,Inativo
563,Ryan da Mata,Vendas,Técnico,10374.14,2024-11-04,M,43,Solteiro,Ativo
564,Catarina Moreira,Vendas,Gerente,5824.38,2023-02-12,M,47,Casado,Ativo
565,Vitor Gabriel Alves,Vendas,Assistente,13246.1,2021-01-03,M,42,Solteiro,Ativo
566,Gabriela da Cruz,Produção,Técnico,10382.44,2017-04-07,M,23,Viúvo,Ativo
567,Giovanna da Cruz,Produção,Assistente,12983.94,2022-02-10,M,18,Solteiro,Inativo
568,Catarina Rezende,RH,Gerente,4093.33,2024-07-06,M,38,Solteiro,Inativo
569,Paulo Barbosa,TI,Assistente,9135.53,2019-09-29,F,45,Viúvo,Inativo
570,Augusto Nogueira,Vendas,Coordenador,11055.28,2020-03-23,M,36,Casado,Inativo
571,Diego Viana,Financeiro,Assistente,14208.94,2019-12-28,F,56,Solteiro,Ativo
572,Dr. Samuel Oliveira,Logística,Coordenador,10141.8,2024-07-23,M,42,Casado,Inativo
573,Sra. Ana Laura Cavalcanti,Financeiro,Coordenador,2469.29,2019-04-04,M,29,Casado,Ativo
574,Nicole Fernandes,Financeiro,Analista,11708.37,2018-10-19,M,32,Divorciado,Ativo
575,Letícia Silva,Financeiro,Técnico,3899.09,2019-11-15,F,46,Solteiro,Ativo
576,Ana Vitória Melo,Vendas,Gerente,11907.22,2019-03-10,M,20,Divorciado,Inativo
577,Camila Cavalcanti,Financeiro,Assistente,10295.41,2022-12-05,F,18,Viúvo,Ativo
578,Sra. Milena Azevedo,Vendas,Assistente,13211.18,2017-06-30,M,59,Casado,Ativo
579,Ana Clara Cardoso,Financeiro,Coordenador,2848.42,2024-09-06,M,52,Solteiro,Inativo
580,Noah Azevedo,Financeiro,Assistente,13472.79,2024-12-06,M,59,Viúvo,Inativo
581,Rafaela Gomes,RH,Analista,11490.86,2021-05-24,F,18,Solteiro,Ativo
582,Igor Costa,Vendas,Coordenador,13335.49,2021-08-27,F,58,Divorciado,Ativo
583,Pietra Lima,Produção,Assistente,10490.91,2018-07-22,M,19,Divorciado,Inativo
584,Yago Porto,Logística,Gerente,8584.47,2019-04-23,F,33,Divorciado,Ativo
585,Dra. Alícia Nascimento,Logística,Técnico,12963.09,2023-04-09,M,29,Divorciado,Inativo
586,Vitor Gabriel Nunes,Financeiro,Coordenador,10030.17,2019-06-23,F,42,Divorciado,Ativo
587,Leandro Jesus,Logística,Assistente,13204.33,2022-04-12,F,63,Viúvo,Ativo
588,Erick Oliveira,TI,Técnico,4229.32,2022-12-24,F,60,Viúvo,Inativo
589,Lucca Moraes,Logística,Assistente,8067.4,2025-08-14,M,55,Divorciado,Ativo
590,Srta. Marcela Fernandes,TI,Analista,11556.07,2022-03-08,F,48,Viúvo,Inativo
591,Srta. Lavínia Campos,Produção,Assistente,8279.33,2018-01-27,M,38,Viúvo,Ativo
592,Breno Gonçalves,Vendas,Gerente,13664.97,2023-12-10,F,20,Viúvo,Ativo
593,Fernanda Pinto,RH,Coordenador,9498.01,2018-10-31,F,27,Divorciado,Inativo
594,Sr. Diego Gomes,TI,Técnico,9866.58,2017-07-20,M,37,Divorciado,Ativo
595,Dra. Maria Sophia Oliveira,Produção,Coordenador,11672.08,2020-12-25,M,24,Solteiro,Ativo
596,Sra. Emilly Campos,Produção,Assistente,14584.88,2022-07-18,F,21,Casado,Ativo
597,João Pedro Pereira,Logística,Coordenador,4481.93,2017-05-06,M,22,Viúvo,Inativo
598,Vinicius Sales,TI,Analista,5013.82,2015-11-10,M,22,Solteiro,Inativo
599,Dra. Rebeca Lima,RH,Gerente,11208.23,2019-10-31,F,33,Casado,Inativo
600,Mariane Barbosa,Vendas,Gerente,2227.42,2022-08-31,F,43,Solteiro,Ativo
601,Milena Teixeira,Logística,Coordenador,2645.77,2019-12-23,M,50,Viúvo,Inativo
602,Dr. Antônio Azevedo,RH,Analista,6001.03,2016-10-29,F,18,Casado,Inativo
603,Felipe Alves,TI,Analista,8957.34,2019-09-10,M,41,Viúvo,Inativo
604,Maria Fernanda Santos,RH,Analista,4787.47,2018-06-19,F,59,Solteiro,Ativo
605,Sophia Barros,RH,Coordenador,14942.39,2025-06-20,M,35,Viúvo,Ativo
606,Emanuel Caldeira,Logística,Gerente,14263.11,2020-06-25,F,50,Viúvo,Ativo
607,Nathan da Mota,Produção,Gerente,13457.81,2016-12-18,F,56,Casado,Ativo
608,Luiz Henrique Souza,TI,Gerente,4398.17,2015-11-21,F,37,Casado,Ativo
609,Renan Araújo,Logística,Gerente,12539.35,2021-11-25,M,35,Casado,Ativo
610,Isis Teixeira,Vendas,Assistente,7896.84,2020-12-15,M,43,Solteiro,Ativo
611,Emilly Cardoso,RH,Coordenador,14743.35,2020-05-10,F,33,Viúvo,Inativo
612,Davi Luiz Viana,Logística,Técnico,10162.18,2019-08-04,F,47,Viúvo,Inativo
613,João Peixoto,Vendas,Coordenador,12305.98,2016-05-06,F,33,Solteiro,Ativo
614,Felipe Costela,RH,Coordenador,2300.54,2016-05-09,M,33,Viúvo,Inativo
615,Stella da Rosa,TI,Coordenador,2262.37,2022-01-15,M,42,Casado,Inativo
616,Luana Dias,RH,Coordenador,5915.3,2021-04-21,F,55,Solteiro,Inativo
617,Lorena Lopes,Vendas,Coordenador,4668.76,2025-02-19,F,39,Viúvo,Inativo
618,Dra. Lara Alves,TI,Coordenador,10536.54,2020-09-21,F,25,Viúvo,Inativo
619,Heloísa Alves,Produção,Analista,9377.39,2019-12-03,F,62,Casado,Ativo
620,Rafaela Lima,Vendas,Coordenador,9170.3,2021-05-31,F,48,Viúvo,Inativo
621,Maria Alice Souza,Financeiro,Analista,9146.49,2020-09-15,F,59,Viúvo,Ativo
622,Mirella Melo,Financeiro,Técnico,13723.55,2020-04-21,M,22,Viúvo,Inativo
623,Maria Clara Porto,Logística,Analista,3006.18,2025-02-10,F,64,Divorciado,Ativo
624,Alice da Rocha,RH,Analista,9675.37,2022-09-29,F,35,Solteiro,Ativo
625,Elisa Aragão,Financeiro,Técnico,4728.51,2022-03-07,M,43,Solteiro,Ativo
626,Raul Sales,Logística,Técnico,7036.21,2019-10-22,M,52,Divorciado,Inativo
627,Felipe Moreira,TI,Coordenador,12777.68,2017-11-25,M,33,Divorciado,Ativo
628,Carolina da Luz,RH,Técnico,10995.05,2024-10-28,F,47,Viúvo,Inativo
629,Pedro Miguel Oliveira,Produção,Assistente,6860.91,2023-12-04,M,44,Viúvo,Ativo
630,Vitor Gabriel Castro,Vendas,Técnico,12134.29,2018-05-30,M,58,Casado,Inativo
631,Maria Santos,Vendas,Gerente,13048.29,2023-07-26,M,44,Casado,Inativo
632,Ana Carolina Viana,Logística,Analista,4148.17,2023-06-14,F,38,Casado,Ativo
633,Lorena Alves,Vendas,Assistente,6806.02,2025-06-11,F,50,Divorciado,Ativo
634,Diego Teixeira,Produção,Gerente,3116.35,2021-04-28,M,58,Viúvo,Ativo
635,Bruna da Cunha,TI,Gerente,3423.93,2024-12-17,M,53,Viúvo,Inativo
636,Srta. Valentina Cardoso,RH,Coordenador,2919.57,2020-04-20,F,28,Casado,Ativo
637,Melissa Martins,Produção,Gerente,13950.54,2020-11-28,M,57,Casado,Inativo
638,Benício Moreira,Vendas,Coordenador,13660.28,2024-12-13,F,20,Divorciado,Ativo
639,Olivia Freitas,Logística,Assistente,8531.93,2021-01-19,F,49,Casado,Ativo
640,Ana Julia Rezende,Financeiro,Analista,12628.52,2020-08-28,M,36,Viúvo,Ativo
641,Ian da Luz,Financeiro,Técnico,7655.18,2023-05-05,F,26,Solteiro,Inativo
642,Bianca Gomes,TI,Analista,6417.02,2025-07-21,M,23,Divorciado,Inativo
643,Levi Barbosa,RH,Assistente,8821.78,2017-05-16,F,65,Solteiro,Ativo
644,Benício Castro,TI,Coordenador,2948.85,2021-07-14,M,39,Divorciado,Ativo
645,Marcos Vinicius Aragão,Produção,Técnico,11598.68,2023-09-13,F,54,Solteiro,Inativo
646,Marcelo Viana,TI,Coordenador,12970.54,2023-05-23,M,30,Solteiro,Inativo
647,Davi Teixeira,RH,Gerente,6441.72,2016-06-14,M,50,Divorciado,Ativo
648,Bianca Barros,Logística,Coordenador,11072.08,2021-04-15,M,62,Viúvo,Ativo
649,Vitória Jesus,Vendas,Gerente,4738.68,2017-07-13,M,59,Viúvo,Inativo
650,Maria Araújo,RH,Coordenador,12841.55,2023-09-05,M,32,Divorciado,Inativo
651,Alícia Porto,TI,Gerente,9547.18,2024-12-18,M,45,Casado,Inativo
652,Dr. Kevin Cunha,RH,Gerente,5111.95,2022-11-20,M,49,Solteiro,Inativo
653,Ryan Cavalcanti,Produção,Coordenador,8473.62,2018-07-10,M,20,Casado,Inativo
654,Thiago Melo,RH,Gerente,13461.71,2023-08-17,F,33,Solteiro,Inativo
655,Emanuelly Souza,Logística,Coordenador,9827.09,2023-08-02,M,22,Viúvo,Ativo
656,Sra. Larissa Sales,Financeiro,Coordenador,11270.18,2017-03-31,F,48,Solteiro,Inativo
657,Amanda Moraes,Produção,Técnico,10983.14,2021-06-20,M,56,Solteiro,Inativo
658,Ana Carolina Caldeira,RH,Coordenador,6961.17,2021-09-19,M,50,Solteiro,Inativo
659,Srta. Brenda da Luz,Logística,Técnico,11708.42,2021-02-18,F,50,Divorciado,Inativo
660,Bárbara da Cunha,Financeiro,Analista,14900.49,2019-04-04,M,45,Solteiro,Ativo
661,Luiz Miguel Farias,RH,Coordenador,11138.65,2015-12-31,M,60,Casado,Ativo
662,Vitor Souza,Financeiro,Analista,5336.99,2022-04-11,M,52,Divorciado,Inativo
663,Pedro Miguel Gomes,Produção,Analista,7381.56,2015-11-03,F,20,Divorciado,Ativo
664,Benício Rodrigues,RH,Gerente,13142.67,2019-06-05,M,26,Divorciado,Inativo
665,Luna da Rosa,Financeiro,Técnico,9259.96,2023-03-02,M,51,Divorciado,Ativo
666,Joana Oliveira,Financeiro,Gerente,3561.37,2022-03-13,F,58,Solteiro,Inativo
667,Cecília da Rosa,Produção,Coordenador,10043.49,2017-11-22,F,54,Viúvo,Ativo
668,Alexandre da Rosa,Vendas,Técnico,3454.48,2021-11-03,M,42,Casado,Ativo
669,Milena Costa,Logística,Coordenador,9271.8,2020-06-14,F,48,Viúvo,Inativo
670,Gabrielly Sales,Financeiro,Assistente,12184.75,2021-08-02,F,31,Divorciado,Inativo
671,Luiza Azevedo,RH,Assistente,3009.13,2017-09-21,F,25,Solteiro,Inativo
672,Milena Moura,Produção,Assistente,7482.93,2016-04-21,F,50,Divorciado,Ativo
673,Ana Júlia Cunha,RH,Gerente,13240.68,2022-07-31,F,56,Solteiro,Ativo
674,Davi Vieira,Produção,Coordenador,4810.96,2016-10-22,M,20,Divorciado,Ativo
675,Sr. Alexandre Rezende,Logística,Coordenador,6575.58,2020-06-26,M,56,Divorciado,Ativo
676,Rodrigo Moura,Vendas,Técnico,14954.51,2018-07-09,F,29,Viúvo,Ativo
677,Bianca da Cruz,TI,Gerente,7903.06,2024-10-04,M,57,Viúvo,Inativo
678,Luiz Miguel Moreira,Financeiro,Gerente,6648.11,2019-02-16,M,58,Solteiro,Ativo
679,Elisa Dias,Vendas,Assistente,6931.0,2021-02-08,M,37,Divorciado,Inativo
680,Gabriela Nascimento,Vendas,Coordenador,6462.96,2018-03-08,F,30,Viúvo,Ativo
681,Maria Fernanda da Rosa,Produção,Coordenador,7949.4,2025-08-14,M,23,Solteiro,Ativo
682,Sarah Farias,RH,Assistente,2899.32,2021-12-07,F,29,Viúvo,Ativo
683,Natália Azevedo,RH,Gerente,7632.69,2020-07-01,M,24,Viúvo,Inativo
684,Ryan da Mata,Logística,Gerente,13885.84,2025-08-01,F,41,Solteiro,Inativo
685,Olivia Peixoto,Logística,Técnico,7512.82,2023-01-03,M,38,Divorciado,Inativo
686,Sra. Maria Vitória Pires,TI,Técnico,13628.87,2023-11-07,F,20,Viúvo,Ativo
687,João Gabriel Campos,TI,Coordenador,8861.52,2024-05-31,F,50,Viúvo,Inativo
688,Maria Cecília Mendes,Vendas,Gerente,5770.64,2023-09-28,M,32,Casado,Ativo
689,Melissa Monteiro,Produção,Gerente,2204.68,2020-05-08,M,19,Casado,Inativo
690,Sr. Augusto Mendes,Produção,Técnico,9634.87,2019-03-02,M,36,Viúvo,Inativo
691,João Miguel Nogueira,Vendas,Técnico,2112.2,2016-09-02,M,27,Solteiro,Ativo
692,Sra. Maria Fernanda Freitas,TI,Gerente,2686.67,2019-09-15,M,46,Viúvo,Ativo
693,Ana Julia Freitas,RH,Coordenador,3564.59,2020-08-05,M,23,Divorciado,Ativo
694,Luiz Miguel Silveira,RH,Gerente,8350.66,2018-05-07,F,20,Casado,Inativo
695,Fernando da Mota,RH,Analista,7940.99,2022-10-14,M,40,Divorciado,Ativo
696,Luiza Barbosa,Financeiro,Coordenador,9341.12,2023-01-09,F,61,Divorciado,Ativo
697,Maria Clara da Mata,Financeiro,Coordenador,6715.37,2021-07-31,M,48,Casado,Ativo
698,Natália Aragão,Logística,Técnico,11983.36,2021-02-28,M,40,Viúvo,Ativo
699,Vicente Cavalcanti,Financeiro,Gerente,9664.37,2023-07-29,F,24,Divorciado,Ativo
700,Bryan Gomes,Logística,Analista,12520.01,2023-01-28,F,64,Viúvo,Inativo
701,Manuela da Mata,Logística,Analista,6764.42,2025-02-01,F,47,Viúvo,Ativo
702,Ana Beatriz Vieira,Financeiro,Assistente,12473.78,2022-12-18,M,59,Divorciado,Inativo
703,Carlos Eduardo da Cruz,Produção,Coordenador,3675.56,2021-09-01,F,19,Divorciado,Ativo
704,Leonardo Dias,Vendas,Gerente,3908.46,2021-11-08,F,64,Solteiro,Inativo
705,Murilo Porto,Produção,Analista,5959.18,2019-05-30,F,49,Divorciado,Ativo
706,Luiz Miguel Costela,Produção,Coordenador,7378.84,2021-07-31,F,27,Casado,Inativo
707,Pietro da Mota,Financeiro,Coordenador,8180.49,2017-04-13,F,57,Divorciado,Inativo
708,Emanuelly Souza,TI,Gerente,8305.81,2019-03-26,M,60,Solteiro,Inativo
709,Vicente Souza,Financeiro,Técnico,12004.09,2022-01-23,F,31,Divorciado,Inativo
710,Natália da Conceição,Logística,Assistente,5899.64,2024-06-08,F,39,Casado,Ativo
711,Lorena Vieira,Produção,Assistente,8053.99,2025-01-30,M,62,Viúvo,Ativo
712,Evelyn da Costa,Logística,Analista,5422.55,2024-02-22,F,54,Casado,Ativo
713,Maria Sophia Carvalho,TI,Técnico,12350.47,2017-02-10,F,36,Divorciado,Ativo
714,Emilly Sales,Vendas,Assistente,11462.46,2017-01-22,F,48,Divorciado,Ativo
715,Antônio Souza,Financeiro,Analista,11412.2,2016-10-10,M,29,Solteiro,Inativo
716,Sra. Rafaela Araújo,Vendas,Assistente,10483.01,2016-10-03,F,53,Viúvo,Ativo
717,Heloísa Nunes,Financeiro,Assistente,2795.33,2024-10-11,M,59,Casado,Ativo
718,Nicole da Cunha,Logística,Gerente,6741.32,2019-10-27,F,24,Divorciado,Inativo
719,Sra. Fernanda Caldeira,Logística,Assistente,10482.04,2021-07-30,M,40,Viúvo,Inativo
720,João Lucas Rezende,Vendas,Assistente,9078.87,2020-12-08,M,24,Viúvo,Inativo
721,Cauã Pires,RH,Coordenador,9267.3,2021-11-19,F,24,Viúvo,Ativo
722,Dra. Raquel Lopes,Financeiro,Gerente,4469.58,2017-10-20,F,34,Solteiro,Inativo
723,Agatha Moraes,Produção,Coordenador,8242.39,2021-12-08,M,20,Solteiro,Inativo
724,Srta. Vitória Freitas,Financeiro,Coordenador,14914.63,2016-01-09,F,46,Solteiro,Inativo
725,Olivia Moraes,TI,Gerente,3124.24,2018-05-25,F,59,Divorciado,Inativo
726,Dr. Kevin Silveira,RH,Gerente,4317.24,2019-05-25,M,39,Solteiro,Inativo
727,Rodrigo Viana,Logística,Assistente,13290.4,2016-04-03,F,36,Viúvo,Ativo
728,Sra. Sophie Correia,Logística,Coordenador,13143.32,2021-11-05,M,34,Divorciado,Ativo
729,Diogo Cunha,Produção,Analista,8023.23,2016-05-01,F,51,Solteiro,Inativo
730,Marcela Cardoso,RH,Técnico,8091.72,2019-03-18,F,33,Viúvo,Inativo
731,Gustavo Nogueira,Logística,Assistente,11497.26,2024-06-26,F,34,Viúvo,Ativo
732,Heloísa Pires,Financeiro,Gerente,6503.52,2021-03-02,M,18,Divorciado,Ativo
733,Pedro Duarte,Financeiro,Coordenador,10963.62,2021-02-25,M,49,Solteiro,Inativo
734,Sra. Isabel Lopes,RH,Assistente,10172.51,2019-01-20,F,19,Divorciado,Ativo
735,Laura da Cruz,Produção,Gerente,9601.96,2025-08-21,M,49,Viúvo,Ativo
736,Sr. Calebe Oliveira,Logística,Coordenador,13741.09,2019-06-29,F,60,Casado,Ativo
737,Dra. Bruna da Mata,Financeiro,Analista,14278.78,2019-04-26,M,19,Viúvo,Ativo
738,Dr. Gustavo Melo,Produção,Assistente,5385.31,2017-07-08,F,44,Divorciado,Inativo
739,Emanuelly Nascimento,Logística,Gerente,12773.89,2017-05-04,M,29,Viúvo,Ativo
740,Luiz Miguel Mendes,RH,Coordenador,4459.96,2020-05-21,M,27,Solteiro,Ativo
741,Isabelly Souza,Produção,Assistente,11553.81,2017-11-25,M,56,Divorciado,Inativo
742,Stephany Novaes,Produção,Gerente,5609.09,2020-03-31,M,65,Solteiro,Inativo
743,Sr. Diogo da Conceição,Financeiro,Técnico,8963.24,2024-05-01,M,22,Casado,Ativo
744,Agatha Souza,Financeiro,Coordenador,3319.28,2016-11-27,M,22,Solteiro,Ativo
745,Joaquim Costa,Vendas,Gerente,2120.42,2016-03-31,M,46,Casado,Inativo
746,Matheus Ramos,Vendas,Técnico,8551.4,2017-06-22,F,59,Solteiro,Inativo
747,Sra. Maria Fernanda Barbosa,Logística,Coordenador,5370.15,2016-03-05,F,60,Viúvo,Inativo
748,Ana Lívia Azevedo,Logística,Analista,13347.75,2018-03-08,F,22,Casado,Inativo
749,Lívia Rodrigues,Financeiro,Técnico,4625.58,2021-09-18,M,56,Casado,Inativo
750,Dra. Ana Vitória Araújo,Produção,Gerente,2001.65,2020-01-13,M,35,Casado,Inativo
751,Lavínia Sales,Logística,Analista,10363.18,2025-08-19,F,30,Viúvo,Inativo
752,João da Mata,Logística,Técnico,8854.66,2021-06-25,F,40,Divorciado,Ativo
753,Enzo Barros,Produção,Analista,5805.29,2020-08-15,M,37,Casado,Ativo
754,Dra. Milena Barbosa,Logística,Assistente,13542.27,2019-03-01,F,27,Casado,Ativo
755,Brenda Oliveira,RH,Gerente,13024.07,2019-02-16,F,19,Viúvo,Inativo
756,Maria Clara Pereira,TI,Técnico,13307.83,2025-01-03,F,39,Divorciado,Inativo
757,Kaique das Neves,Vendas,Analista,9565.35,2025-05-01,F,54,Viúvo,Inativo
758,Emilly Moura,Financeiro,Analista,11134.37,2022-05-01,F,39,Viúvo,Ativo
759,Antônio Cardoso,RH,Coordenador,9192.61,2019-05-29,F,48,Casado,Ativo
760,Sra. Maria Cecília Araújo,RH,Analista,11071.33,2016-12-06,M,44,Casado,Ativo
761,Gabriela Freitas,Vendas,Gerente,3200.46,2022-09-05,M,29,Solteiro,Inativo
762,Dr. Marcelo Cardoso,RH,Técnico,11206.43,2019-07-05,F,59,Viúvo,Ativo
763,Anthony Lima,Produção,Gerente,14620.37,2021-05-05,F,18,Solteiro,Ativo
764,Thiago Fernandes,Logística,Analista,3492.67,2016-10-28,F,53,Casado,Inativo
765,Júlia da Rocha,Logística,Analista,8820.83,2019-09-16,F,24,Solteiro,Inativo
766,Ana Beatriz da Cunha,Vendas,Gerente,12100.67,2015-11-18,F,23,Solteiro,Inativo
767,Rebeca Alves,RH,Gerente,4011.89,2017-01-24,F,33,Viúvo,Ativo
768,Dr. Felipe Barros,TI,Coordenador,10529.69,2017-07-26,M,57,Casado,Inativo
769,Clara Sales,Vendas,Analista,14873.95,2023-01-15,M,30,Casado,Inativo
770,João Pedro Monteiro,RH,Assistente,13740.48,2024-05-21,M,55,Casado,Ativo
771,Alexandre Nascimento,Financeiro,Assistente,7489.46,2023-05-15,M,20,Divorciado,Ativo
772,Maysa Martins,Financeiro,Técnico,5770.53,2024-04-09,F,46,Divorciado,Ativo
773,Sophia Correia,Vendas,Coordenador,2882.02,2021-04-03,M,48,Viúvo,Inativo
774,Lucas Pires,RH,Assistente,5162.19,2019-08-14,F,22,Solteiro,Inativo
775,Sra. Bárbara da Conceição,RH,Técnico,2505.36,2018-07-20,M,21,Casado,Ativo
776,Augusto Pereira,Logística,Técnico,5312.66,2017-05-01,M,62,Divorciado,Inativo
777,Valentina Barros,Vendas,Coordenador,5111.45,2020-04-30,M,21,Divorciado,Ativo
778,Alana da Luz,TI,Coordenador,7877.6,2020-03-22,F,65,Viúvo,Ativo
779,Ana Beatriz Sales,Produção,Técnico,11645.65,2017-01-21,M,29,Divorciado,Inativo
780,Anthony Nogueira,Financeiro,Coordenador,5717.67,2022-10-06,F,19,Casado,Inativo
781,Mariane Monteiro,Financeiro,Gerente,8001.7,2025-06-09,M,33,Divorciado,Ativo
782,Kamilly Cavalcanti,Logística,Gerente,6131.91,2018-07-28,M,34,Solteiro,Inativo
783,Carlos Eduardo da Mata,Logística,Coordenador,10180.82,2023-05-05,M,38,Viúvo,Inativo
784,Eduarda Fogaça,Vendas,Técnico,2307.3,2024-09-07,F,50,Casado,Ativo
785,Marcelo Novaes,Vendas,Coordenador,14201.49,2017-11-05,F,58,Viúvo,Ativo
786,Vicente Cardoso,TI,Coordenador,8991.42,2016-09-11,F,34,Solteiro,Ativo
787,Dra. Ana Luiza Porto,Produção,Gerente,9925.17,2023-02-20,F,63,Viúvo,Inativo
788,Thales Carvalho,TI,Coordenador,2994.15,2024-06-04,F,32,Casado,Inativo
789,Arthur Gomes,Produção,Gerente,9642.68,2023-02-25,F,53,Divorciado,Inativo
790,Agatha Nogueira,Financeiro,Analista,6066.9,2020-05-15,F,27,Solteiro,Inativo
791,Henrique da Mata,Logística,Analista,7130.45,2023-02-17,M,61,Divorciado,Ativo
792,Leandro Nogueira,Logística,Gerente,4547.4,2025-03-05,F,43,Viúvo,Ativo
793,João Felipe Almeida,Logística,Coordenador,5877.47,2024-12-23,M,54,Divorciado,Ativo
794,Sr. Breno da Mata,TI,Técnico,4024.83,2021-02-09,M,51,Viúvo,Ativo
795,Gustavo Santos,Logística,Técnico,11063.38,2021-11-11,F,63,Viúvo,Inativo
796,Fernando Fernandes,TI,Analista,9688.82,2021-12-28,M,43,Divorciado,Ativo
797,Ana Pires,Logística,Coordenador,8282.93,2015-10-20,M,52,Viúvo,Inativo
798,Maitê da Mata,Vendas,Analista,12065.72,2017-01-22,F,26,Viúvo,Inativo
799,Lucas Nogueira,Produção,Técnico,11310.73,2015-11-06,M,53,Solteiro,Ativo
800,Emilly Pinto,Financeiro,Gerente,8435.1,2017-02-12,M,35,Solteiro,Ativo
801,Carolina Carvalho,Financeiro,Coordenador,7492.24,2025-09-19,M,41,Divorciado,Inativo
802,Francisco Campos,Produção,Analista,14951.53,2017-11-21,F,31,Solteiro,Ativo
803,Joana Mendes,Logística,Coordenador,7442.27,2016-12-13,F,47,Solteiro,Inativo
804,Caroline Monteiro,Financeiro,Gerente,2534.4,2021-05-02,M,38,Divorciado,Inativo
805,Maria Julia Gonçalves,TI,Assistente,7899.44,2023-08-15,F,26,Casado,Ativo
806,Nicolas Cavalcanti,RH,Assistente,5813.31,2023-08-02,M,32,Solteiro,Ativo
807,Natália Lopes,Produção,Gerente,4710.34,2023-03-07,F,44,Casado,Inativo
808,Isabel Cardoso,Vendas,Gerente,10437.78,2023-05-03,M,36,Solteiro,Ativo
809,Maria Fernanda Correia,TI,Analista,5678.31,2022-12-14,M,55,Divorciado,Ativo
810,Diogo da Rosa,RH,Gerente,8165.84,2015-10-28,M,45,Solteiro,Inativo
811,Maria Alice da Mata,Financeiro,Técnico,8383.62,2022-10-29,F,25,Solteiro,Ativo
812,Laís Silva,Produção,Coordenador,8182.98,2025-09-17,M,19,Viúvo,Ativo
813,Murilo Mendes,Vendas,Gerente,2558.67,2016-05-19,F,56,Viúvo,Ativo
814,Luana da Mota,Logística,Coordenador,3879.62,2016-01-10,F,43,Casado,Inativo
815,Calebe da Rocha,Produção,Assistente,11646.89,2025-06-30,M,49,Solteiro,Inativo
816,Srta. Maria Eduarda Souza,TI,Coordenador,7586.56,2018-02-17,F,57,Divorciado,Ativo
817,Ana Julia Campos,Produção,Assistente,10084.01,2023-03-29,F,22,Solteiro,Ativo
818,Lorena Silveira,Produção,Gerente,2132.59,2024-06-07,F,59,Viúvo,Inativo
819,Emanuel da Cunha,Produção,Assistente,8861.9,2024-10-14,M,58,Casado,Ativo
820,Maria Vitória Oliveira,Vendas,Técnico,10636.32,2020-07-02,F,35,Viúvo,Inativo
821,João Vitor das Neves,Financeiro,Técnico,5443.92,2016-12-09,M,45,Viúvo,Ativo
822,Maria Barros,Financeiro,Assistente,9601.34,2021-04-06,F,42,Viúvo,Inativo
823,Maria Vitória da Rocha,Produção,Gerente,9726.11,2025-07-25,F,51,Divorciado,Ativo
824,Eduarda Araújo,TI,Analista,5296.3,2021-02-22,F,34,Viúvo,Inativo
825,Enzo Moreira,Vendas,Coordenador,12624.27,2024-05-17,M,52,Casado,Ativo
826,Diogo Farias,Logística,Técnico,5472.53,2016-02-12,F,35,Divorciado,Inativo
827,Sr. Felipe Santos,Logística,Coordenador,14088.83,2018-03-22,F,65,Casado,Ativo
828,Rafaela Souza,Financeiro,Analista,6976.57,2015-09-30,M,36,Solteiro,Inativo
829,Pedro Lucas da Cunha,RH,Gerente,13283.77,2017-10-30,F,32,Viúvo,Inativo
830,Srta. Lorena Costa,Financeiro,Analista,10870.24,2020-07-10,F,25,Casado,Inativo
831,Renan Lima,Produção,Técnico,6100.12,2017-09-03,M,62,Solteiro,Ativo
832,Maria Luiza Rezende,Financeiro,Técnico,4530.85,2023-02-05,F,28,Solteiro,Inativo
833,Kevin Ferreira,Vendas,Assistente,7360.67,2023-01-20,M,55,Viúvo,Ativo
834,Stella Caldeira,Produção,Gerente,10866.24,2020-12-10,M,30,Viúvo,Ativo
835,Beatriz Souza,TI,Analista,9164.28,2025-09-01,M,64,Divorciado,Ativo
836,Vitor Ribeiro,RH,Técnico,5645.12,2018-07-14,M,57,Divorciado,Inativo
837,Erick Martins,RH,Técnico,8557.8,2021-08-26,M,58,Viúvo,Inativo
838,Srta. Ana Beatriz Souza,TI,Analista,11554.15,2022-01-06,F,63,Divorciado,Inativo
839,João Vitor da Conceição,Financeiro,Analista,9403.99,2023-03-10,M,54,Solteiro,Inativo
840,Maysa Ribeiro,Vendas,Técnico,6468.08,2023-01-17,M,55,Viúvo,Ativo
841,Diogo Caldeira,Financeiro,Analista,10744.0,2023-02-21,F,22,Solteiro,Inativo
842,Bernardo Lima,TI,Gerente,6149.05,2024-04-24,F,28,Divorciado,Ativo
843,Emanuel Pereira,RH,Analista,5166.54,2016-01-19,M,36,Divorciado,Inativo
844,Maria Rezende,TI,Técnico,10958.91,2019-12-08,F,62,Casado,Inativo
845,André Sales,Produção,Técnico,2970.37,2015-12-05,M,48,Divorciado,Inativo
846,Matheus Barbosa,RH,Gerente,13514.86,2020-03-07,F,62,Casado,Inativo
847,Gustavo Ribeiro,Produção,Técnico,11818.75,2019-04-15,F,51,Solteiro,Inativo
848,Elisa Correia,RH,Gerente,11899.58,2018-06-29,M,63,Solteiro,Ativo
849,Sra. Esther Jesus,Financeiro,Coordenador,10325.45,2022-10-14,F,48,Viúvo,Inativo
850,Mariana Carvalho,Produção,Analista,6588.17,2022-02-28,M,20,Divorciado,Inativo
851,Sra. Maria Fernanda Cardoso,Produção,Assistente,10329.25,2020-01-21,F,26,Divorciado,Ativo
852,Stephany Pereira,Vendas,Gerente,7004.25,2025-03-09,M,33,Divorciado,Inativo
853,Matheus das Neves,Logística,Coordenador,12152.65,2019-01-06,F,23,Viúvo,Inativo
854,Maitê Novaes,RH,Assistente,6147.64,2019-07-26,M,50,Solteiro,Ativo
855,Dra. Sarah Pinto,Financeiro,Técnico,14496.74,2015-11-10,F,19,Viúvo,Ativo
856,Juliana Fogaça,Produção,Assistente,5178.08,2020-03-16,F,27,Viúvo,Ativo
857,João Lucas da Conceição,Financeiro,Gerente,9957.07,2025-09-07,M,37,Solteiro,Ativo
858,Levi Rocha,Produção,Coordenador,4880.12,2021-04-10,M,65,Divorciado,Inativo
859,Maria Eduarda da Mota,Produção,Analista,13678.63,2019-09-30,M,42,Casado,Inativo
860,Levi Ramos,Financeiro,Gerente,4650.43,2020-11-16,M,39,Divorciado,Ativo
861,Marcela Viana,Produção,Coordenador,7676.38,2022-05-24,F,52,Divorciado,Inativo
862,Benjamin Porto,Financeiro,Assistente,8825.56,2016-07-19,M,23,Solteiro,Inativo
863,João Vitor Nogueira,RH,Analista,14076.03,2016-02-13,F,62,Casado,Ativo
864,Lavínia Dias,TI,Coordenador,14510.91,2016-10-22,M,59,Solteiro,Inativo
865,Caroline Fernandes,Financeiro,Assistente,14363.19,2018-04-15,M,42,Divorciado,Ativo
866,Ryan Moreira,Produção,Assistente,14278.15,2024-03-21,M,55,Casado,Inativo
867,Srta. Júlia Caldeira,Financeiro,Analista,4957.31,2019-10-10,M,57,Divorciado,Inativo
868,Henrique Gomes,Produção,Técnico,3097.82,2022-05-28,M,53,Divorciado,Ativo
869,Eloah Oliveira,TI,Técnico,4784.12,2015-09-26,F,34,Solteiro,Ativo
870,João das Neves,TI,Coordenador,3095.73,2024-07-28,F,41,Divorciado,Ativo
871,Sr. Davi Luiz Campos,Vendas,Analista,10015.26,2016-03-01,M,58,Divorciado,Ativo
872,Isadora Vieira,TI,Analista,14762.59,2025-03-30,F,31,Solteiro,Ativo
873,Luana Campos,Produção,Técnico,11017.45,2018-03-11,M,35,Viúvo,Ativo
874,Sabrina Porto,Vendas,Gerente,4583.52,2024-09-28,M,44,Casado,Inativo
875,Elisa Cavalcanti,Produção,Gerente,12804.24,2022-05-11,F,39,Solteiro,Inativo
876,Eduardo da Rocha,Vendas,Gerente,12318.96,2017-07-15,F,31,Casado,Inativo
877,João Felipe das Neves,Produção,Técnico,10746.37,2020-04-30,M,31,Viúvo,Inativo
878,Benício Barbosa,Financeiro,Gerente,4771.3,2025-08-27,M,22,Viúvo,Ativo
879,João Miguel da Costa,Financeiro,Analista,4107.84,2023-09-21,M,47,Casado,Inativo
880,Pedro Lucas Peixoto,RH,Analista,4698.21,2023-04-13,M,39,Solteiro,Inativo
881,Daniela Melo,Financeiro,Gerente,9129.6,2025-03-31,F,36,Solteiro,Ativo
882,Ana Laura Farias,Vendas,Gerente,10221.12,2016-07-29,F,22,Solteiro,Ativo
883,Nina Moreira,Vendas,Analista,6642.72,2016-04-12,F,49,Casado,Inativo
884,Dr. Antônio Pinto,RH,Assistente,7642.03,2025-03-24,F,60,Solteiro,Inativo
885,Enzo Costela,TI,Analista,5025.05,2025-06-05,M,20,Solteiro,Ativo
886,Luiz Gustavo Pereira,Logística,Assistente,6888.77,2015-11-23,F,46,Solteiro,Inativo
887,Sra. Caroline Araújo,TI,Gerente,6750.44,2025-04-30,F,25,Solteiro,Inativo
888,Luana da Conceição,Financeiro,Técnico,12222.41,2022-10-22,F,29,Solteiro,Ativo
889,Lívia Pires,Produção,Gerente,5673.53,2022-11-18,M,30,Solteiro,Inativo
890,Emilly da Conceição,Produção,Assistente,13069.08,2025-07-25,M,34,Solteiro,Inativo
891,Sra. Gabriela da Cruz,RH,Coordenador,14278.75,2016-10-26,F,35,Divorciado,Ativo
892,Ana Clara Moreira,TI,Gerente,14523.1,2025-01-06,M,53,Casado,Ativo
893,Ana Vitória Alves,Logística,Gerente,10860.8,2021-06-13,F,37,Divorciado,Ativo
894,Murilo Pereira,Vendas,Analista,7037.65,2017-11-12,F,39,Solteiro,Ativo
895,Yago Moreira,Logística,Gerente,3106.35,2018-07-21,F,28,Viúvo,Inativo
896,Pedro Lopes,TI,Coordenador,2757.36,2024-03-05,F,20,Solteiro,Ativo
897,Sra. Joana Jesus,RH,Analista,6030.37,2025-01-12,M,34,Divorciado,Inativo
898,Maria da Mota,Financeiro,Assistente,7918.65,2015-12-05,F,29,Viúvo,Ativo
899,Nicole Peixoto,Financeiro,Assistente,8008.91,2019-04-29,F,30,Casado,Inativo
900,Yuri Farias,RH,Gerente,7255.85,2025-09-19,M,46,Casado,Inativo
901,Daniela Jesus,Vendas,Gerente,4618.91,2018-03-17,F,33,Viúvo,Inativo
902,Evelyn Novaes,Produção,Coordenador,9848.38,2015-12-28,M,29,Casado,Inativo
903,Vitor Dias,Logística,Coordenador,9474.91,2024-05-06,F,57,Divorciado,Ativo
904,Levi Silva,RH,Técnico,9184.68,2016-08-17,M,35,Solteiro,Ativo
905,Benjamin Sales,Produção,Técnico,2468.32,2017-01-23,M,32,Solteiro,Inativo
906,Dra. Lara Monteiro,RH,Coordenador,9488.02,2018-09-26,M,54,Solteiro,Inativo
907,Dr. Leonardo Silveira,Vendas,Analista,6091.7,2017-02-19,M,59,Divorciado,Inativo
908,Vinicius Monteiro,RH,Analista,12737.9,2017-07-08,F,32,Casado,Inativo
909,Pedro Miguel Lopes,Financeiro,Analista,5747.29,2024-02-02,M,46,Solteiro,Inativo
910,Luna Novaes,TI,Gerente,3106.49,2025-08-17,M,61,Divorciado,Inativo
911,Vinicius Duarte,Produção,Coordenador,10509.89,2021-10-26,F,28,Casado,Ativo
912,Dra. Maria Vitória Peixoto,RH,Assistente,9934.84,2023-01-04,F,54,Divorciado,Ativo
913,Dra. Júlia Pinto,Logística,Gerente,9685.05,2017-08-28,F,54,Solteiro,Inativo
914,Ana Sophia da Cruz,RH,Gerente,7091.82,2025-05-25,M,20,Divorciado,Ativo
915,Davi da Mota,TI,Analista,14562.6,2017-07-08,F,29,Casado,Ativo
916,Eduardo da Mata,Produção,Coordenador,12283.89,2017-09-28,F,29,Solteiro,Ativo
917,Stephany Almeida,Financeiro,Gerente,6822.3,2024-12-10,M,35,Divorciado,Ativo
918,Vicente Duarte,Logística,Assistente,5855.69,2024-05-27,M,26,Casado,Inativo
919,Yuri Costela,Logística,Assistente,6568.88,2024-04-16,F,45,Viúvo,Inativo
920,Dra. Laura da Conceição,Financeiro,Assistente,4496.46,2023-06-25,M,42,Viúvo,Inativo
921,Vitória Farias,Vendas,Técnico,10455.24,2016-01-30,F,42,Viúvo,Inativo
922,Mirella Fernandes,RH,Assistente,5183.45,2018-03-20,F,29,Divorciado,Ativo
923,Ian Porto,RH,Analista,4254.68,2018-09-24,M,49,Viúvo,Inativo
924,Raul Cardoso,Vendas,Assistente,8044.37,2017-07-05,M,30,Divorciado,Ativo
925,Luiz Otávio Azevedo,RH,Coordenador,10793.43,2022-06-16,M,64,Viúvo,Ativo
926,Davi Lucas Gonçalves,Vendas,Analista,11509.79,2025-01-07,M,48,Casado,Inativo
927,Dr. Antônio Ramos,Logística,Assistente,2856.45,2023-12-05,F,63,Divorciado,Ativo
928,Valentina Cardoso,TI,Gerente,10602.13,2023-06-04,F,64,Solteiro,Ativo
929,Camila Rodrigues,RH,Gerente,14161.36,2024-01-23,F,27,Casado,Ativo
930,Luiza Viana,Produção,Técnico,12613.61,2023-07-30,F,47,Solteiro,Ativo
931,Yuri Ferreira,TI,Coordenador,10328.64,2022-07-16,M,57,Casado,Ativo
932,Evelyn Dias,Vendas,Assistente,9636.35,2019-11-22,F,42,Casado,Inativo
933,Benício da Cunha,Financeiro,Técnico,13633.66,2019-02-01,F,29,Solteiro,Ativo
934,Caio Ramos,Vendas,Técnico,11269.41,2018-01-05,M,39,Divorciado,Inativo
935,Felipe Pinto,Financeiro,Coordenador,13914.73,2016-10-24,M,28,Solteiro,Inativo
936,Marina Souza,Produção,Analista,7953.85,2018-04-13,F,41,Solteiro,Inativo
937,Pedro Henrique Barros,Financeiro,Analista,4544.38,2020-06-14,M,43,Solteiro,Ativo
938,Laís Gonçalves,Financeiro,Gerente,10750.29,2025-08-09,M,21,Viúvo,Ativo
939,Sarah Correia,Produção,Coordenador,9941.08,2023-02-19,F,57,Casado,Inativo
940,Juliana Freitas,Vendas,Técnico,3632.13,2023-12-08,F,28,Divorciado,Ativo
941,Renan Vieira,Financeiro,Analista,7091.0,2024-10-01,M,44,Solteiro,Inativo
942,Ana Almeida,Produção,Coordenador,8933.21,2016-07-05,F,63,Viúvo,Ativo
943,Alícia das Neves,Financeiro,Gerente,2721.74,2017-12-11,F,19,Casado,Ativo
944,Isaac Aragão,Financeiro,Técnico,8164.23,2023-06-09,F,28,Viúvo,Inativo
945,Srta. Isis Sales,Vendas,Coordenador,9908.02,2020-03-14,F,46,Solteiro,Ativo
946,Stella Almeida,Vendas,Analista,10290.07,2025-08-05,F,39,Viúvo,Ativo
947,Enzo Gabriel Aragão,Produção,Técnico,7077.24,2021-02-21,F,46,Solteiro,Inativo
948,Daniela Cardoso,Vendas,Gerente,11931.82,2018-08-02,F,24,Divorciado,Ativo
949,Rebeca Teixeira,Financeiro,Coordenador,13773.18,2023-01-30,M,50,Divorciado,Inativo
950,Renan da Cruz,Produção,Coordenador,2792.28,2024-03-31,F,55,Divorciado,Inativo
951,Giovanna Rocha,Financeiro,Coordenador,13312.73,2023-08-30,M,41,Casado,Inativo
952,Calebe Alves,TI,Coordenador,11199.99,2018-11-12,M,37,Solteiro,Ativo
953,Isabelly Fernandes,Vendas,Gerente,13734.64,2016-01-16,F,23,Divorciado,Ativo
954,Sr. Enrico Vieira,RH,Analista,8955.19,2022-02-19,M,18,Solteiro,Ativo
955,Helena Porto,RH,Analista,11458.19,2020-01-08,M,28,Divorciado,Ativo
956,Sra. Gabriela Cavalcanti,TI,Assistente,14196.4,2023-06-13,F,36,Solteiro,Ativo
957,Felipe Campos,Financeiro,Analista,6488.76,2018-07-26,F,30,Casado,Inativo
958,Dr. Benjamin Silveira,Logística,Técnico,11235.89,2021-06-06,F,44,Solteiro,Ativo
959,Maria Sophia Vieira,TI,Analista,14633.75,2024-05-28,M,63,Solteiro,Inativo
960,João Gabriel da Mata,RH,Coordenador,11923.11,2021-08-16,F,42,Divorciado,Ativo
961,Murilo da Rocha,Produção,Gerente,9241.84,2021-11-27,F,63,Solteiro,Ativo
962,João Felipe Fernandes,Logística,Gerente,7508.99,2023-12-17,F,46,Solteiro,Inativo
963,Marcos Vinicius Cardoso,Logística,Gerente,13208.7,2018-08-30,F,34,Casado,Inativo
964,Kaique Melo,RH,Técnico,2567.76,2019-05-22,F,41,Casado,Ativo
965,Srta. Luana Nunes,Financeiro,Analista,6742.77,2024-02-13,M,20,Casado,Inativo
966,Srta. Isadora Alves,RH,Técnico,9592.61,2024-12-09,M,22,Viúvo,Inativo
967,Lavínia Pires,RH,Assistente,10326.2,2022-07-01,F,29,Casado,Ativo
968,Luana Barros,Financeiro,Técnico,9067.35,2022-04-28,M,38,Casado,Inativo
969,Ana Luiza Oliveira,Financeiro,Técnico,8009.59,2019-10-13,F,36,Casado,Inativo
970,Pietro Lopes,Logística,Assistente,10672.76,2017-09-18,M,24,Solteiro,Ativo
971,Paulo Silveira,RH,Analista,13249.05,2017-01-16,F,41,Solteiro,Ativo
972,Daniel Rocha,TI,Coordenador,11487.67,2016-08-09,M,65,Divorciado,Inativo
973,Maria Luiza Souza,TI,Técnico,13609.81,2022-05-04,M,56,Solteiro,Inativo
974,Sr. João Lucas Almeida,Produção,Analista,9268.53,2022-09-10,F,43,Casado,Inativo
975,Davi Lucas Melo,RH,Técnico,4336.87,2022-12-27,F,32,Solteiro,Ativo
976,Ana Vitória Freitas,RH,Técnico,2224.18,2021-08-11,M,61,Solteiro,Inativo
977,Dr. Davi Lucas Nascimento,RH,Coordenador,13216.01,2020-12-30,M,49,Divorciado,Inativo
978,Fernando Gonçalves,Vendas,Gerente,13004.21,2019-04-05,F,24,Casado,Inativo
979,Dra. Pietra da Luz,RH,Analista,9486.05,2016-03-17,F,65,Casado,Ativo
980,Stephany Novaes,Produção,Coordenador,3106.89,2017-07-07,M,22,Divorciado,Ativo
981,Ryan Freitas,Produção,Assistente,3045.96,2021-08-19,F,36,Solteiro,Ativo
982,João Moraes,Logística,Coordenador,9376.05,2019-06-23,M,23,Viúvo,Inativo
983,Maria Alice Silva,Financeiro,Gerente,14942.48,2025-09-13,F,50,Viúvo,Inativo
984,Eduarda da Rocha,RH,Coordenador,8208.2,2018-11-08,F,61,Divorciado,Ativo
985,Sophia Azevedo,Financeiro,Técnico,5039.08,2016-05-01,M,65,Casado,Ativo
986,Dra. Evelyn Souza,Financeiro,Analista,4975.88,2017-04-13,F,35,Solteiro,Inativo
987,Maitê Cardoso,Financeiro,Gerente,14046.6,2020-03-01,F,52,Viúvo,Inativo
988,Lara Monteiro,Financeiro,Gerente,4331.98,2024-03-18,M,56,Divorciado,Inativo
989,Ana Freitas,Vendas,Assistente,12257.28,2022-02-09,F,30,Casado,Inativo
990,Sr. Rodrigo Moreira,Logística,Assistente,8671.52,2021-10-01,M,53,Casado,Ativo
991,Sr. Vicente Silveira,Produção,Gerente,8026.7,2021-07-11,F,55,Viúvo,Inativo
992,Emanuel da Cruz,Logística,Gerente,12572.11,2024-01-30,M,33,Viúvo,Ativo
993,Enrico Monteiro,RH,Coordenador,14677.33,2017-12-26,M,52,Divorciado,Inativo
994,Ana Lívia Cardoso,RH,Coordenador,14912.48,2015-10-22,M,27,Solteiro,Inativo
995,Fernando Monteiro,RH,Assistente,10983.02,2023-01-09,F,42,Viúvo,Ativo
996,Matheus Aragão,Financeiro,Analista,11389.03,2022-05-06,F,26,Viúvo,Ativo
997,Ryan Martins,Financeiro,Analista,14060.42,2023-06-05,F,37,Viúvo,Ativo
998,Isabelly Ferreira,TI,Gerente,2348.73,2023-12-29,F,58,Solteiro,Inativo
999,Thales Farias,Produção,Analista,9430.62,2019-12-25,M,41,Solteiro,Ativo
1000,Sra. Maysa Costela,Produção,Técnico,12549.72,2022-11-14,M,46,Viúvo,Inativo
